Type,Hue,Saturation,Value,Type,Hue,Saturation,Value,Type,Hue,Saturation,Value,Type,Hue,Saturation,Value,Type,Hue,Saturation,Value,Type,Hue,Saturation,Value,Type,Hue,Saturation,Value,Type,Hue,Saturation,Value,,,,,
Medows,43,215,156,Forest,46,165,62,Fields,26,246,198,Ocean,105,254,184,Swamp,23,127,114,Mines,,,,Castle,29,96,141,Table,,,,,,,,
Medows,44,212,156,Forest,42,155,59,Fields,,,,Ocean,105,251,180,Swamp,23,132,116,Mines,,,,Castle,21,61,120,Table,,,,,,,,
Medows,42,216,151,Forest,45,163,60,Fields,,,,Ocean,105,224,152,Swamp,,,,Mines,,,,Castle,30,66,110,Table,,,,,,,,
Medows,41,209,154,Forest,46,165,58,Fields,,,,Ocean,106,227,143,Swamp,,,,Mines,,,,Castle,,,,Table,,,,,,,,
Medows,40,224,147,Forest,43,171,59,Fields,,,,Ocean,,,,Swamp,,,,Mines,,,,Castle,,,,Table,,,,,,,,
Medows,43,224,151,Forest,36,167,64,Fields,,,,Ocean,,,,Swamp,,,,Mines,,,,Castle,,,,Table,,,,,,,,
Medows,37,216,141,Forest,43,178,58,Fields,,,,Ocean,,,,Swamp,,,,Mines,,,,Castle,,,,Table,,,,,,,,
Medows,39,230,141,Forest,48,98,63,Fields,,,,Ocean,,,,Swamp,,,,Mines,,,,Castle,,,,Table,,,,,,,,
Medows,39,213,133,Forest,,,,Fields,,,,Ocean,,,,Swamp,,,,Mines,,,,Castle,,,,Table,,,,,,,,
Medows,,,,Forest,,,,Fields,,,,Ocean,,,,Swamp,,,,Mines,,,,Castle,,,,Table,,,,,,,,
Medows,,,,Forest,,,,Fields,,,,Ocean,,,,Swamp,,,,Mines,,,,Castle,,,,Table,,,,,,,,
Medows,,,,Forest,,,,Fields,,,,Ocean,,,,Swamp,,,,Mines,,,,Castle,105.0,254.0,169.0,Table,,,,,,,,
Medows,,,,Forest,,,,Fields,,,,Ocean,,,,Swamp,,,,Mines,,,,Castle,26.0,235.0,192.0,Table,,,,,,,,
Medows,,,,Forest,,,,Fields,,,,Ocean,,,,Swamp,,,,Mines,,,,Castle,,,,Table,,,,,,,,
Medows,,,,Forest,,,,Fields,,,,Ocean,,,,Swamp,,,,Mines,,,,Castle,,,,Table,,,,,,,,
Medows,43,221,149,Forest,46,158,47,Fields,26,252,177,Ocean,,,,Swamp,26,70,115,Mines,24,132,44,Castle,,,,Table,,,,,,,,
Medows,44,222,142,Forest,,,,Fields,26,248,177,Ocean,,,,Swamp,23,131,103,Mines,24,83.5,37,Castle,,,,Table,,,,,,,,
Medows,42,220,141,Forest,,,,Fields,26,251,182,Ocean,,,,Swamp,23,126,88,Mines,23,85,41,Castle,,,,Table,,,,,,,,
Medows,,,,Forest,,,,Fields,26,249,181,Ocean,,,,Swamp,23,126,104,Mines,23,96,42,Castle,,,,Table,,,,,,,,
Medows,,,,Forest,,,,Fields,26,248,184,Ocean,,,,Swamp,23,161,114,Mines,24,108,64,Castle,,,,Table,,,,,,,,
Medows,,,,Forest,,,,Fields,26,249,183,Ocean,,,,Swamp,25,109,119,Mines,,,,Castle,,,,Table,,,,,,,,
Medows,,,,Forest,,,,Fields,26,244,177,Ocean,,,,Swamp,,,,Mines,,,,Castle,,,,Table,,,,,,,,
Medows,,,,Forest,,,,Fields,26,248,193,Ocean,,,,Swamp,,,,Mines,,,,Castle,,,,Table,,,,,,,,
Medows,,,,Forest,,,,Fields,26,244,192,Ocean,,,,Swamp,,,,Mines,,,,Castle,,,,Table,,,,,,,,
Medows,,,,Forest,,,,Fields,,,,Ocean,,,,Swamp,,,,Mines,,,,Castle,,,,Table,,,,,,,,
Medows,,,,Forest,,,,Fields,,,,Ocean,,,,Swamp,,,,Mines,,,,Castle,,,,Table,,,,,,,,
Medows,,,,Forest,,,,Fields,,,,Ocean,,,,Swamp,,,,Mines,,,,Castle,,,,Table,,,,,,,,
Medows,,,,Forest,,,,Fields,,,,Ocean,,,,Swamp,,,,Mines,,,,Castle,,,,Table,,,,,,,,
Medows,,,,Forest,,,,Fields,,,,Ocean,,,,Swamp,,,,Mines,,,,Castle,,,,Table,,,,,,,,
Medows,,,,Forest,,,,Fields,,,,Ocean,,,,Swamp,,,,Mines,,,,Castle,,,,Table,,,,,,,,
Medows,,,,Forest,43,166,46,Fields,25,243,168,Ocean,106,250,137,Swamp,22,145,98,Mines,24,64,36,Castle,,,,Table,,,,,,,,
Medows,,,,Forest,47,136,39,Fields,26,249,185,Ocean,107,253,151,Swamp,,,,Mines,,,,Castle,,,,Table,,,,,,,,
Medows,,,,Forest,48,143,39,Fields,26,237,183,Ocean,106,252,159,Swamp,,,,Mines,,,,Castle,,,,Table,,,,,,,,
Medows,,,,Forest,38,122,52,Fields,25,239,172,Ocean,106,254,164,Swamp,,,,Mines,,,,Castle,21,41,91,Table,,,,,,,,
Medows,,,,Forest,50,132,40,Fields,26,248,188,Ocean,106,252,150,Swamp,,,,Mines,,,,Castle,30,51,100,Table,,,,,,,,
Medows,,,,Forest,49,143,42,Fields,,,,Ocean,106,249,118,Swamp,,,,Mines,,,,Castle,30,55,103,Table,,,,,,,,
Medows,,,,Forest,45,153,40,Fields,,,,Ocean,,,,Swamp,,,,Mines,,,,Castle,31,149,65,Table,,,,,,,,
Medows,,,,Forest,35,180,55,Fields,,,,Ocean,,,,Swamp,,,,Mines,,,,Castle,23,112,66,Table,,,,,,,,
Medows,,,,Forest,43,189,44,Fields,,,,Ocean,,,,Swamp,,,,Mines,,,,Castle,26,84,67,Table,,,,,,,,
Medows,,,,Forest,36,180,49,Fields,,,,Ocean,,,,Swamp,,,,Mines,,,,Castle,35,63,67,Table,,,,,,,,
Medows,,,,Forest,45,168,44,Fields,,,,Ocean,,,,Swamp,,,,Mines,,,,Castle,26,85,121,Table,,,,,,,,
Medows,,,,Forest,,,,Fields,,,,Ocean,,,,Swamp,,,,Mines,,,,Castle,87,41,92,Table,,,,,,,,
Medows,,,,Forest,,,,Fields,,,,Ocean,,,,Swamp,,,,Mines,,,,Castle,32,45,103,Table,,,,,,,,
Medows,,,,Forest,,,,Fields,,,,Ocean,,,,Swamp,,,,Mines,,,,Castle,25,110,79,Table,,,,,,,,
Medows,,,,Forest,,,,Fields,,,,Ocean,,,,Swamp,,,,Mines,,,,Castle,98,99,82,Table,,,,,,,,
Medows,,,,Forest,,,,Fields,,,,Ocean,,,,Swamp,,,,Mines,,,,Castle,33,79,59,Table,,,,,,,,
Medows,,,,Forest,,,,Fields,,,,Ocean,,,,Swamp,,,,Mines,,,,Castle,32,70,53,Table,,,,,,,,
Medows,,,,Forest,,,,Fields,,,,Ocean,,,,Swamp,,,,Mines,,,,Castle,,,,Table,,,,,,,,
Medows,,,,Forest,,,,Fields,,,,Ocean,,,,Swamp,,,,Mines,,,,Castle,,,,Table,,,,,,,,
Medows,,,,Forest,,,,Fields,,,,Ocean,,,,Swamp,,,,Mines,,,,Castle,,,,Table,,,,,,,,
Medows,,,,Forest,,,,Fields,,,,Ocean,,,,Swamp,,,,Mines,,,,Castle,,,,Table,,,,,,,,
Medows,,,,Forest,,,,Fields,,,,Ocean,,,,Swamp,,,,Mines,,,,Castle,,,,Table,,,,,,,,
Medows,,,,Forest,,,,Fields,,,,Ocean,,,,Swamp,,,,Mines,,,,Castle,,,,Table,,,,,,,,
Medows,,,,Forest,,,,Fields,,,,Ocean,,,,Swamp,,,,Mines,,,,Castle,,,,Table,,,,,,,,
Medows,,,,Forest,,,,Fields,,,,Ocean,,,,Swamp,,,,Mines,,,,Castle,38,54,71,Table,,,,,,,,
Medows,,,,Forest,,,,Fields,,,,Ocean,,,,Swamp,,,,Mines,,,,Castle,17,97,121,Table,,,,,,,,
Medows,,,,Forest,,,,Fields,,,,Ocean,,,,Swamp,,,,Mines,,,,Castle,24,48,99,Table,,,,,,,,
Medows,,,,Forest,,,,Fields,,,,Ocean,,,,Swamp,,,,Mines,,,,Castle,,,,Table,,,,,,,,
Medows,,,,Forest,,,,Fields,,,,Ocean,,,,Swamp,,,,Mines,,,,Castle,,,,Table,,,,,,,,
Medows,,,,Forest,,,,Fields,,,,Ocean,,,,Swamp,,,,Mines,,,,Castle,,,,Table,,,,,,,,
Medows,,,,Forest,,,,Fields,,,,Ocean,,,,Swamp,,,,Mines,,,,Castle,,,,Table,,,,,,,,
Medows,,,,Forest,,,,Fields,,,,Ocean,,,,Swamp,,,,Mines,,,,Castle,,,,Table,,,,,,,,
Medows,,,,Forest,,,,Fields,,,,Ocean,,,,Swamp,,,,Mines,,,,Castle,,,,Table,,,,,,,,
Medows,,,,Forest,,,,Fields,,,,Ocean,,,,Swamp,,,,Mines,,,,Castle,,,,Table,,,,,,,,
Medows,,,,Forest,,,,Fields,,,,Ocean,,,,Swamp,,,,Mines,,,,Castle,,,,Table,,,,,,,,
Medows,,,,Forest,,,,Fields,,,,Ocean,,,,Swamp,,,,Mines,,,,Castle,,,,Table,,,,,,,,
Medows,,,,Forest,,,,Fields,,,,Ocean,,,,Swamp,,,,Mines,,,,Castle,,,,Table,,,,,,,,
Medows,,,,Forest,,,,Fields,,,,Ocean,,,,Swamp,,,,Mines,,,,Castle,,,,Table,,,,,,,,
Medows,,,,Forest,,,,Fields,,,,Ocean,,,,Swamp,,,,Mines,,,,Castle,,,,Table,,,,,,,,
Medows,,,,Forest,,,,Fields,,,,Ocean,,,,Swamp,,,,Mines,,,,Castle,,,,Table,,,,,,,,
Medows,,,,Forest,,,,Fields,,,,Ocean,,,,Swamp,,,,Mines,,,,Castle,,,,Table,,,,,,,,
Medows,,,,Forest,,,,Fields,,,,Ocean,,,,Swamp,,,,Mines,,,,Castle,,,,Table,,,,,,,,
Medows,,,,Forest,,,,Fields,,,,Ocean,,,,Swamp,,,,Mines,,,,Castle,,,,Table,,,,,,,,
Medows,,,,Forest,,,,Fields,,,,Ocean,,,,Swamp,,,,Mines,,,,Castle,,,,Table,,,,,,,,
Medows,,,,Forest,,,,Fields,,,,Ocean,,,,Swamp,,,,Mines,,,,,,,,Table,,,,,,,,
Medows,,,,Forest,,,,Fields,,,,Ocean,,,,Swamp,,,,Mines,,,,,,,,Table,,,,,,,,
Medows,,,,Forest,,,,Fields,,,,Ocean,,,,Swamp,,,,Mines,,,,,,,,Table,,,,,,,,
Medows,,,,Forest,,,,Fields,,,,Ocean,,,,Swamp,,,,Mines,,,,,,,,Table,,,,,,,,
Medows,,,,Forest,,,,Fields,,,,Ocean,,,,Swamp,,,,Mines,,,,,,,,Table,,,,,,,,
Medows,,,,Forest,,,,Fields,,,,Ocean,,,,Swamp,,,,Mines,,,,,,,,Table,,,,,,,,
Medows,,,,Forest,,,,Fields,,,,Ocean,,,,Swamp,,,,Mines,,,,,,,,Table,,,,,,,,
Medows,,,,Forest,,,,Fields,,,,Ocean,,,,Swamp,,,,Mines,,,,,,,,Table,,,,,,,,
Medows,,,,Forest,,,,Fields,,,,Ocean,,,,Swamp,,,,Mines,,,,,,,,Table,,,,,,,,
Medows,,,,Forest,,,,Fields,,,,Ocean,,,,Swamp,,,,Mines,,,,,,,,Table,,,,,,,,
Medows,,,,Forest,,,,Fields,,,,Ocean,,,,Swamp,,,,Mines,,,,,,,,Table,,,,,,,,
Medows,,,,Forest,,,,Fields,,,,Ocean,,,,Swamp,,,,Mines,,,,,,,,Table,,,,,,,,
Medows,,,,Forest,,,,Fields,,,,Ocean,,,,Swamp,,,,Mines,,,,,,,,Table,,,,,,,,
Medows,,,,Forest,,,,Fields,,,,Ocean,,,,Swamp,,,,Mines,,,,,,,,Table,,,,,,,,
Medows,,,,Forest,,,,Fields,,,,Ocean,,,,Swamp,,,,Mines,,,,,,,,Table,,,,,,,,
Medows,,,,Forest,,,,Fields,,,,Ocean,,,,Swamp,,,,Mines,,,,,,,,Table,,,,,,,,
Medows,,,,Forest,,,,Fields,,,,Ocean,,,,Swamp,,,,Mines,,,,,,,,Table,,,,,,,,
Medows,,,,Forest,,,,Fields,,,,Ocean,,,,Swamp,,,,Mines,,,,,,,,Table,,,,,,,,
Medows,,,,Forest,,,,Fields,,,,Ocean,,,,Swamp,,,,Mines,,,,,,,,Table,,,,,,,,
Medows,,,,Forest,,,,Fields,,,,Ocean,,,,Swamp,,,,Mines,,,,,,,,Table,,,,,,,,
Medows,,,,Forest,,,,Fields,,,,Ocean,,,,Swamp,,,,Mines,,,,,,,,Table,,,,,,,,
Medows,,,,Forest,,,,Fields,,,,Ocean,,,,Swamp,,,,Mines,,,,,,,,Table,,,,,,,,
Medows,,,,Forest,,,,Fields,,,,Ocean,,,,Swamp,,,,Mines,,,,,,,,Table,,,,,,,,
Medows,,,,Forest,,,,Fields,,,,Ocean,,,,Swamp,,,,Mines,,,,,,,,Table,,,,,,,,
Medows,,,,Forest,,,,Fields,,,,Ocean,,,,Swamp,,,,Mines,,,,,,,,Table,,,,,,,,
Medows,,,,Forest,,,,Fields,,,,Ocean,,,,Swamp,,,,Mines,,,,,,,,Table,,,,,,,,
Medows,,,,Forest,,,,Fields,,,,Ocean,,,,Swamp,,,,Mines,,,,,,,,Table,,,,,,,,
Medows,,,,Forest,,,,Fields,,,,Ocean,,,,Swamp,,,,Mines,,,,,,,,Table,,,,,,,,
Medows,,,,Forest,,,,Fields,,,,Ocean,,,,Swamp,,,,Mines,,,,,,,,Table,,,,,,,,
Medows,,,,Forest,,,,Fields,,,,Ocean,,,,Swamp,,,,Mines,,,,,,,,Table,,,,,,,,
Medows,,,,Forest,,,,Fields,,,,Ocean,,,,Swamp,,,,Mines,,,,,,,,Table,,,,,,,,
Medows,,,,Forest,,,,Fields,,,,Ocean,,,,Swamp,,,,Mines,,,,,,,,Table,,,,,,,,
Medows,,,,Forest,,,,Fields,,,,Ocean,,,,Swamp,,,,Mines,,,,,,,,Table,,,,,,,,
Medows,,,,Forest,,,,Fields,,,,Ocean,,,,Swamp,,,,Mines,,,,,,,,Table,,,,,,,,
Medows,,,,Forest,,,,Fields,,,,Ocean,,,,Swamp,,,,Mines,,,,,,,,Table,,,,,,,,
Medows,,,,Forest,,,,Fields,,,,Ocean,,,,Swamp,,,,Mines,,,,,,,,Table,,,,,,,,
Medows,,,,Forest,,,,Fields,,,,Ocean,,,,Swamp,,,,Mines,,,,,,,,Table,,,,,,,,
Medows,,,,Forest,,,,Fields,,,,Ocean,,,,Swamp,,,,Mines,,,,,,,,Table,,,,,,,,
Medows,,,,Forest,,,,Fields,,,,Ocean,,,,Swamp,,,,Mines,,,,,,,,Table,,,,,,,,
Medows,,,,Forest,,,,Fields,,,,Ocean,,,,Swamp,,,,Mines,,,,,,,,Table,,,,,,,,
Medows,,,,Forest,,,,Fields,,,,Ocean,,,,Swamp,,,,Mines,,,,,,,,Table,,,,,,,,
Medows,,,,Forest,,,,Fields,,,,Ocean,,,,Swamp,,,,Mines,,,,,,,,Table,,,,,,,,
Medows,,,,Forest,,,,Fields,,,,Ocean,,,,Swamp,,,,Mines,,,,,,,,Table,,,,,,,,
Medows,,,,Forest,,,,Fields,,,,Ocean,,,,Swamp,,,,Mines,,,,,,,,Table,,,,,,,,
Medows,,,,Forest,,,,Fields,,,,Ocean,,,,Swamp,,,,Mines,,,,,,,,Table,,,,,,,,
Medows,,,,Forest,,,,Fields,,,,Ocean,,,,Swamp,,,,Mines,,,,,,,,Table,,,,,,,,
Medows,,,,Forest,,,,Fields,,,,Ocean,,,,Swamp,,,,Mines,,,,,,,,Table,,,,,,,,
Medows,,,,Forest,,,,Fields,,,,Ocean,,,,Swamp,,,,Mines,,,,,,,,Table,,,,,,,,
Medows,,,,Forest,,,,Fields,,,,Ocean,,,,Swamp,,,,Mines,,,,,,,,Table,,,,,,,,
Medows,,,,Forest,,,,Fields,,,,Ocean,,,,Swamp,,,,Mines,,,,,,,,Table,,,,,,,,
Medows,,,,Forest,,,,Fields,,,,Ocean,,,,Swamp,,,,Mines,,,,,,,,Table,,,,,,,,
Medows,,,,Forest,,,,Fields,,,,Ocean,,,,Swamp,,,,Mines,,,,,,,,Table,,,,,,,,
Medows,,,,Forest,,,,Fields,,,,Ocean,,,,Swamp,,,,Mines,,,,,,,,Table,,,,,,,,
Medows,,,,Forest,,,,Fields,,,,Ocean,,,,Swamp,,,,Mines,,,,,,,,Table,,,,,,,,
Medows,,,,Forest,,,,Fields,,,,Ocean,,,,Swamp,,,,Mines,,,,,,,,Table,,,,,,,,
Medows,,,,Forest,,,,Fields,,,,Ocean,,,,Swamp,,,,Mines,,,,,,,,Table,,,,,,,,
Medows,,,,Forest,,,,Fields,,,,Ocean,,,,Swamp,,,,Mines,,,,,,,,Table,,,,,,,,
Medows,,,,Forest,,,,Fields,,,,Ocean,,,,Swamp,,,,Mines,,,,,,,,Table,,,,,,,,
Medows,,,,Forest,,,,Fields,,,,Ocean,,,,Swamp,,,,Mines,,,,,,,,Table,,,,,,,,
Medows,,,,Forest,,,,Fields,,,,Ocean,,,,Swamp,,,,Mines,,,,,,,,Table,,,,,,,,
Medows,,,,Forest,,,,Fields,,,,Ocean,,,,Swamp,,,,Mines,,,,,,,,Table,,,,,,,,
Medows,,,,Forest,,,,Fields,,,,Ocean,,,,Swamp,,,,Mines,,,,,,,,Table,,,,,,,,
Medows,,,,Forest,,,,Fields,,,,Ocean,,,,Swamp,,,,Mines,,,,,,,,Table,,,,,,,,
Medows,,,,Forest,,,,Fields,,,,Ocean,,,,Swamp,,,,Mines,,,,,,,,Table,,,,,,,,
Medows,,,,Forest,,,,Fields,,,,Ocean,,,,Swamp,,,,Mines,,,,,,,,Table,,,,,,,,
Medows,,,,Forest,,,,Fields,,,,Ocean,,,,Swamp,,,,Mines,,,,,,,,Table,,,,,,,,
Medows,,,,Forest,,,,Fields,,,,Ocean,,,,Swamp,,,,Mines,,,,,,,,Table,,,,,,,,
Medows,,,,Forest,,,,Fields,,,,Ocean,,,,Swamp,,,,Mines,,,,,,,,Table,,,,,,,,
Medows,,,,Forest,,,,Fields,,,,Ocean,,,,Swamp,,,,Mines,,,,,,,,Table,,,,,,,,
Medows,,,,Forest,,,,Fields,,,,Ocean,,,,Swamp,,,,Mines,,,,,,,,Table,,,,,,,,
Medows,,,,Forest,,,,Fields,,,,Ocean,,,,Swamp,,,,Mines,,,,,,,,Table,,,,,,,,
Medows,,,,Forest,,,,Fields,,,,Ocean,,,,Swamp,,,,Mines,,,,,,,,Table,,,,,,,,
Medows,,,,Forest,,,,Fields,,,,Ocean,,,,Swamp,,,,Mines,,,,,,,,Table,,,,,,,,
Medows,,,,Forest,,,,Fields,,,,Ocean,,,,Swamp,,,,Mines,,,,,,,,Table,,,,,,,,
Medows,,,,Forest,,,,Fields,,,,Ocean,,,,Swamp,,,,Mines,,,,,,,,Table,,,,,,,,
Medows,,,,Forest,,,,Fields,,,,Ocean,,,,Swamp,,,,Mines,,,,,,,,Table,,,,,,,,
Medows,,,,Forest,,,,Fields,,,,Ocean,,,,Swamp,,,,Mines,,,,,,,,Table,,,,,,,,
Medows,,,,Forest,,,,Fields,,,,Ocean,,,,Swamp,,,,Mines,,,,,,,,Table,,,,,,,,
Medows,,,,Forest,,,,Fields,,,,Ocean,,,,Swamp,,,,Mines,,,,,,,,Table,,,,,,,,
Medows,,,,Forest,,,,Fields,,,,Ocean,,,,Swamp,,,,Mines,,,,,,,,Table,,,,,,,,
Medows,,,,Forest,,,,Fields,,,,Ocean,,,,Swamp,,,,Mines,,,,,,,,Table,,,,,,,,
Medows,,,,Forest,,,,Fields,,,,Ocean,,,,Swamp,,,,Mines,,,,,,,,Table,,,,,,,,
Medows,,,,Forest,,,,Fields,,,,Ocean,,,,Swamp,,,,Mines,,,,,,,,Table,,,,,,,,
Medows,,,,Forest,,,,Fields,,,,Ocean,,,,Swamp,,,,Mines,,,,,,,,Table,,,,,,,,
Medows,,,,Forest,,,,Fields,,,,Ocean,,,,Swamp,,,,Mines,,,,,,,,Table,,,,,,,,
Medows,,,,Forest,,,,Fields,,,,Ocean,,,,Swamp,,,,Mines,,,,,,,,Table,,,,,,,,
Medows,,,,Forest,,,,Fields,,,,Ocean,,,,Swamp,,,,Mines,,,,,,,,Table,,,,,,,,
Medows,,,,Forest,,,,Fields,,,,Ocean,,,,Swamp,,,,Mines,,,,,,,,Table,,,,,,,,
Medows,,,,Forest,,,,Fields,,,,Ocean,,,,Swamp,,,,Mines,,,,,,,,Table,,,,,,,,
Medows,,,,Forest,,,,Fields,,,,Ocean,,,,Swamp,,,,Mines,,,,,,,,Table,,,,,,,,
Medows,,,,Forest,,,,Fields,,,,Ocean,,,,Swamp,,,,Mines,,,,,,,,Table,,,,,,,,
Medows,43.0,217.0,155.0,Forest,26.0,246.0,191.0,Fields,26.0,245.0,193.0,Ocean,105.0,245.0,142.0,Swamp,105.0,254.0,173.0,Mines,,,,,,,,Table,22.0,151.0,116.0,,,,,
Medows,43.0,219.0,155.0,Forest,44.0,206.0,144.0,Fields,45.0,137.0,59.0,Ocean,42.0,237.0,147.0,Swamp,21.0,200.0,147.0,Mines,,,,,,,,Table,26.0,102.0,123.0,,,,,
Medows,45.0,225.0,150.0,Forest,,,,Fields,26.0,236.0,188.0,Ocean,23.0,151.0,107.0,Swamp,20.0,209.0,143.0,Mines,,,,,,,,Table,,,,,,,,
Medows,105.0,253.0,169.0,Forest,,,,Fields,106.0,255.0,168.0,Ocean,34.0,59.0,123.0,Swamp,,,,Mines,,,,,,,,Table,,,,,,,,
Medows,38.0,255.0,135.0,Forest,,,,Fields,,,,Ocean,26.0,241.0,187.0,Swamp,,,,Mines,,,,,,,,Table,,,,,,,,
Medows,43.0,222.0,154.0,Forest,,,,Fields,,,,Ocean,105.0,245.0,134.0,Swamp,,,,Mines,,,,,,,,Table,,,,,,,,
Medows,45.0,186.0,57.0,Forest,,,,Fields,,,,Ocean,,,,Swamp,,,,Mines,,,,,,,,Table,,,,,,,,
Medows,,,,Forest,,,,Fields,,,,Ocean,,,,Swamp,,,,Mines,,,,,,,,Table,,,,,,,,
Medows,,,,Forest,,,,Fields,,,,Ocean,,,,Swamp,,,,Mines,,,,,,,,Table,,,,,,,,
Medows,,,,Forest,,,,Fields,,,,Ocean,,,,Swamp,,,,Mines,,,,,,,,Table,,,,,,,,
Medows,,,,Forest,,,,Fields,,,,Ocean,,,,Swamp,,,,Mines,,,,,,,,Table,,,,,,,,
Medows,,,,Forest,,,,Fields,,,,Ocean,,,,Swamp,,,,Mines,,,,,,,,Table,,,,,,,,
Medows,,,,Forest,,,,Fields,,,,Ocean,,,,Swamp,,,,Mines,,,,,,,,Table,,,,,,,,
Medows,,,,Forest,,,,Fields,,,,Ocean,,,,Swamp,,,,Mines,,,,,,,,Table,,,,,,,,
Medows,,,,Forest,,,,Fields,,,,Ocean,,,,Swamp,,,,Mines,,,,,,,,Table,,,,,,,,
Medows,24.0,106.0,115.0,Forest,24.0,86.0,129.0,Fields,21.0,168.0,156.0,Ocean,42.0,210.0,152.0,Swamp,26.0,242.0,186.0,Mines,26.0,247.0,190.0,,,,,Table,21.0,167.0,157.0,,,,,
Medows,40.0,228.0,136.0,Forest,,,,Fields,27.0,237.0,190.0,Ocean,105.0,253.0,159.0,Swamp,42.0,222.0,147.0,Mines,,,,,,,,Table,27.0,244.0,190.0,,,,,
Medows,106.0,252.0,157.0,Forest,,,,Fields,25.0,75.0,42.0,Ocean,,,,Swamp,36.0,180.0,61.0,Mines,,,,,,,,Table,,,,,,,,
Medows,38.0,220.0,139.0,Forest,,,,Fields,24.0,124.0,112.0,Ocean,,,,Swamp,,,,Mines,,,,,,,,Table,,,,,,,,
Medows,,,,Forest,,,,Fields,27.0,242.0,191.0,Ocean,,,,Swamp,,,,Mines,,,,,,,,Table,,,,,,,,
Medows,,,,Forest,,,,Fields,26.0,230.0,185.0,Ocean,,,,Swamp,,,,Mines,,,,,,,,Table,,,,,,,,
Medows,,,,Forest,,,,Fields,26.0,239.0,184.0,Ocean,,,,Swamp,,,,Mines,,,,,,,,Table,,,,,,,,
Medows,,,,Forest,,,,Fields,27.0,248.0,192.0,Ocean,,,,Swamp,,,,Mines,,,,,,,,Table,,,,,,,,
Medows,,,,Forest,,,,Fields,26.0,244.0,190.0,Ocean,,,,Swamp,,,,Mines,,,,,,,,Table,,,,,,,,
Medows,,,,Forest,,,,Fields,26.0,244.0,191.0,Ocean,,,,Swamp,,,,Mines,,,,,,,,Table,,,,,,,,
Medows,,,,Forest,,,,Fields,29.0,128.0,62.0,Ocean,,,,Swamp,,,,Mines,,,,,,,,Table,,,,,,,,
Medows,,,,Forest,,,,Fields,,,,Ocean,,,,Swamp,,,,Mines,,,,,,,,Table,,,,,,,,
Medows,,,,Forest,,,,Fields,,,,Ocean,,,,Swamp,,,,Mines,,,,,,,,Table,,,,,,,,
Medows,,,,Forest,,,,Fields,,,,Ocean,,,,Swamp,,,,Mines,,,,,,,,Table,,,,,,,,
Medows,,,,Forest,,,,Fields,,,,Ocean,,,,Swamp,,,,Mines,,,,,,,,Table,,,,,,,,
Medows,,,,Forest,40.0,228.0,136.0,Fields,21.0,167.0,157.0,Ocean,25.0,75.0,42.0,Swamp,42.0,210.0,152.0,Mines,26.0,247.0,190.0,,,,,Table,24.0,106.0,115.0,,,,,
Medows,,,,Forest,27.0,248.0,192.0,Fields,26.0,230.0,185.0,Ocean,27.0,244.0,190.0,Swamp,24.0,124.0,112.0,Mines,21.0,168.0,156.0,,,,,Table,24.0,86.0,129.0,,,,,
Medows,,,,Forest,26.0,244.0,191.0,Fields,26.0,244.0,190.0,Ocean,106.0,252.0,157.0,Swamp,27.0,242.0,191.0,Mines,27.0,237.0,190.0,,,,,Table,,,,,,,,
Medows,,,,Forest,29.0,128.0,62.0,Fields,26.0,235.0,192.0,Ocean,26.0,239.0,184.0,Swamp,,,,Mines,,,,,,,,Table,,,,,,,,
Medows,,,,Forest,105.0,253.0,159.0,Fields,,,,Ocean,26.0,242.0,186.0,Swamp,,,,Mines,,,,,,,,Table,,,,,,,,
Medows,,,,Forest,,,,Fields,,,,Ocean,42.0,222.0,147.0,Swamp,,,,Mines,,,,,,,,Table,,,,,,,,
Medows,,,,Forest,,,,Fields,,,,Ocean,36.0,180.0,61.0,Swamp,,,,Mines,,,,,,,,Table,,,,,,,,
Medows,,,,Forest,,,,Fields,,,,Ocean,,,,Swamp,,,,Mines,,,,,,,,Table,,,,,,,,
Medows,,,,Forest,,,,Fields,,,,Ocean,,,,Swamp,,,,Mines,,,,,,,,Table,,,,,,,,
Medows,,,,Forest,,,,Fields,,,,Ocean,,,,Swamp,,,,Mines,,,,,,,,Table,,,,,,,,
Medows,,,,Forest,,,,Fields,,,,Ocean,,,,Swamp,,,,Mines,,,,,,,,Table,,,,,,,,
Medows,,,,Forest,,,,Fields,,,,Ocean,,,,Swamp,,,,Mines,,,,,,,,Table,,,,,,,,
Medows,,,,Forest,,,,Fields,,,,Ocean,,,,Swamp,,,,Mines,,,,,,,,Table,,,,,,,,
Medows,,,,Forest,,,,Fields,,,,Ocean,,,,Swamp,,,,Mines,,,,,,,,Table,,,,,,,,
Medows,,,,Forest,,,,Fields,,,,Ocean,,,,Swamp,,,,Mines,,,,,,,,Table,,,,,,,,
Medows,,,,Forest,,,,Fields,,,,Ocean,,,,Swamp,,,,Mines,,,,,,,,Table,,,,,,,,
Medows,,,,Forest,,,,Fields,,,,Ocean,,,,Swamp,,,,Mines,,,,,,,,Table,,,,,,,,
Medows,,,,Forest,,,,Fields,,,,Ocean,,,,Swamp,,,,Mines,,,,,,,,Table,,,,,,,,
Medows,,,,Forest,,,,Fields,,,,Ocean,,,,Swamp,,,,Mines,,,,,,,,Table,,,,,,,,
Medows,,,,Forest,,,,Fields,,,,Ocean,,,,Swamp,,,,Mines,,,,,,,,Table,,,,,,,,
Medows,,,,Forest,,,,Fields,,,,Ocean,,,,Swamp,,,,Mines,,,,,,,,Table,,,,,,,,
Medows,,,,Forest,,,,Fields,,,,Ocean,,,,Swamp,,,,Mines,,,,,,,,Table,,,,,,,,
Medows,,,,Forest,,,,Fields,,,,Ocean,,,,Swamp,,,,Mines,,,,,,,,Table,,,,,,,,
Medows,,,,Forest,,,,Fields,,,,Ocean,,,,Swamp,,,,Mines,,,,,,,,Table,,,,,,,,
Medows,,,,Forest,,,,Fields,,,,Ocean,,,,Swamp,,,,Mines,,,,,,,,Table,,,,,,,,
Medows,,,,Forest,,,,Fields,,,,Ocean,,,,Swamp,,,,Mines,,,,,,,,Table,,,,,,,,
Medows,,,,Forest,,,,Fields,,,,Ocean,,,,Swamp,,,,Mines,,,,,,,,Table,,,,,,,,
Medows,,,,Forest,,,,Fields,,,,Ocean,,,,Swamp,,,,Mines,,,,,,,,Table,,,,,,,,
Medows,,,,Forest,,,,Fields,,,,Ocean,,,,Swamp,,,,Mines,,,,,,,,Table,,,,,,,,
Medows,,,,Forest,,,,Fields,,,,Ocean,,,,Swamp,,,,Mines,,,,,,,,Table,,,,,,,,
Medows,,,,Forest,,,,Fields,,,,Ocean,,,,Swamp,,,,Mines,,,,,,,,Table,,,,,,,,
Medows,,,,Forest,,,,Fields,,,,Ocean,,,,Swamp,,,,Mines,,,,,,,,Table,,,,,,,,
Medows,,,,Forest,,,,Fields,,,,Ocean,,,,Swamp,,,,Mines,,,,,,,,Table,,,,,,,,
Medows,,,,Forest,,,,Fields,,,,Ocean,,,,Swamp,,,,Mines,,,,,,,,Table,,,,,,,,
Medows,,,,Forest,,,,Fields,,,,Ocean,,,,Swamp,,,,Mines,,,,,,,,Table,,,,,,,,
Medows,,,,Forest,,,,Fields,,,,Ocean,,,,Swamp,,,,Mines,,,,,,,,Table,,,,,,,,
Medows,,,,Forest,,,,Fields,,,,Ocean,,,,Swamp,,,,Mines,,,,,,,,Table,,,,,,,,
Medows,,,,Forest,,,,Fields,,,,Ocean,,,,Swamp,,,,Mines,,,,,,,,Table,,,,,,,,
Medows,,,,Forest,,,,Fields,,,,Ocean,,,,Swamp,,,,Mines,,,,,,,,Table,,,,,,,,
Medows,,,,Forest,,,,Fields,,,,Ocean,,,,Swamp,,,,Mines,,,,,,,,Table,,,,,,,,
Medows,,,,Forest,,,,Fields,,,,Ocean,,,,Swamp,,,,Mines,,,,,,,,Table,,,,,,,,
Medows,,,,Forest,,,,Fields,,,,Ocean,,,,Swamp,,,,Mines,,,,,,,,Table,,,,,,,,
Medows,,,,Forest,,,,Fields,,,,Ocean,,,,Swamp,,,,Mines,,,,,,,,Table,,,,,,,,
Medows,,,,Forest,,,,Fields,,,,Ocean,,,,Swamp,,,,Mines,,,,,,,,Table,,,,,,,,
Medows,,,,Forest,,,,Fields,,,,Ocean,,,,Swamp,,,,Mines,,,,,,,,Table,,,,,,,,
Medows,,,,Forest,,,,Fields,,,,Ocean,,,,Swamp,,,,Mines,,,,,,,,Table,,,,,,,,
Medows,,,,Forest,,,,Fields,,,,Ocean,,,,Swamp,,,,Mines,,,,,,,,Table,,,,,,,,
Medows,,,,Forest,,,,Fields,,,,Ocean,,,,Swamp,,,,Mines,,,,,,,,Table,,,,,,,,
Medows,,,,Forest,,,,Fields,,,,Ocean,,,,Swamp,,,,Mines,,,,,,,,Table,,,,,,,,
Medows,,,,Forest,,,,Fields,,,,Ocean,,,,Swamp,,,,Mines,,,,,,,,Table,,,,,,,,
Medows,,,,Forest,,,,Fields,,,,Ocean,,,,Swamp,,,,Mines,,,,,,,,Table,,,,,,,,
Medows,,,,Forest,,,,Fields,,,,Ocean,,,,Swamp,,,,Mines,,,,,,,,Table,,,,,,,,
Medows,,,,Forest,,,,Fields,,,,Ocean,,,,Swamp,,,,Mines,,,,,,,,Table,,,,,,,,
Medows,,,,Forest,,,,Fields,,,,Ocean,,,,Swamp,,,,Mines,,,,,,,,Table,,,,,,,,
Medows,,,,Forest,,,,Fields,,,,Ocean,,,,Swamp,,,,Mines,,,,,,,,Table,,,,,,,,
Medows,,,,Forest,,,,Fields,,,,Ocean,,,,Swamp,,,,Mines,,,,,,,,Table,,,,,,,,
Medows,,,,Forest,,,,Fields,,,,Ocean,,,,Swamp,,,,Mines,,,,,,,,Table,,,,,,,,
Medows,,,,Forest,,,,Fields,,,,Ocean,,,,Swamp,,,,Mines,,,,,,,,Table,,,,,,,,
Medows,,,,Forest,,,,Fields,,,,Ocean,,,,Swamp,,,,Mines,,,,,,,,Table,,,,,,,,
Medows,,,,Forest,,,,Fields,,,,Ocean,,,,Swamp,,,,Mines,,,,,,,,Table,,,,,,,,
Medows,,,,Forest,,,,Fields,,,,Ocean,,,,Swamp,,,,Mines,,,,,,,,Table,,,,,,,,
Medows,,,,Forest,,,,Fields,,,,Ocean,,,,Swamp,,,,Mines,,,,,,,,Table,,,,,,,,
Medows,,,,Forest,,,,Fields,,,,Ocean,,,,Swamp,,,,Mines,,,,,,,,Table,,,,,,,,
Medows,,,,Forest,,,,Fields,,,,Ocean,,,,Swamp,,,,Mines,,,,,,,,Table,,,,,,,,
Medows,,,,Forest,,,,Fields,,,,Ocean,,,,Swamp,,,,Mines,,,,,,,,Table,,,,,,,,
Medows,,,,Forest,,,,Fields,,,,Ocean,,,,Swamp,,,,Mines,,,,,,,,Table,,,,,,,,
Medows,,,,Forest,,,,Fields,,,,Ocean,,,,Swamp,,,,Mines,,,,,,,,Table,,,,,,,,
Medows,,,,Forest,,,,Fields,,,,Ocean,,,,Swamp,,,,Mines,,,,,,,,Table,,,,,,,,
Medows,,,,Forest,,,,Fields,,,,Ocean,,,,Swamp,,,,Mines,,,,,,,,Table,,,,,,,,
Medows,,,,Forest,,,,Fields,,,,Ocean,,,,Swamp,,,,Mines,,,,,,,,Table,,,,,,,,
Medows,,,,Forest,,,,Fields,,,,Ocean,,,,Swamp,,,,Mines,,,,,,,,Table,,,,,,,,
Medows,,,,Forest,,,,Fields,,,,Ocean,,,,Swamp,,,,Mines,,,,,,,,Table,,,,,,,,
Medows,,,,Forest,,,,Fields,,,,Ocean,,,,Swamp,,,,Mines,,,,,,,,Table,,,,,,,,
Medows,,,,Forest,,,,Fields,,,,Ocean,,,,Swamp,,,,Mines,,,,,,,,Table,,,,,,,,
Medows,,,,Forest,,,,Fields,,,,Ocean,,,,Swamp,,,,Mines,,,,,,,,Table,,,,,,,,
Medows,,,,Forest,,,,Fields,,,,Ocean,,,,Swamp,,,,Mines,,,,,,,,Table,,,,,,,,
Medows,,,,Forest,,,,Fields,,,,Ocean,,,,Swamp,,,,Mines,,,,,,,,Table,,,,,,,,
Medows,,,,Forest,,,,Fields,,,,Ocean,,,,Swamp,,,,Mines,,,,,,,,Table,,,,,,,,
Medows,,,,Forest,,,,Fields,,,,Ocean,,,,Swamp,,,,Mines,,,,,,,,Table,,,,,,,,
Medows,,,,Forest,,,,Fields,,,,Ocean,,,,Swamp,,,,Mines,,,,,,,,Table,,,,,,,,
Medows,,,,Forest,,,,Fields,,,,Ocean,,,,Swamp,,,,Mines,,,,,,,,Table,,,,,,,,
Medows,,,,Forest,,,,Fields,,,,Ocean,,,,Swamp,,,,Mines,,,,,,,,Table,,,,,,,,
Medows,,,,Forest,,,,Fields,,,,Ocean,,,,Swamp,,,,Mines,,,,,,,,Table,,,,,,,,
Medows,,,,Forest,,,,Fields,,,,Ocean,,,,Swamp,,,,Mines,,,,,,,,Table,,,,,,,,
Medows,,,,Forest,,,,Fields,,,,Ocean,,,,Swamp,,,,Mines,,,,,,,,Table,,,,,,,,
Medows,,,,Forest,,,,Fields,,,,Ocean,,,,Swamp,,,,Mines,,,,,,,,Table,,,,,,,,
Medows,,,,Forest,,,,Fields,,,,Ocean,,,,Swamp,,,,Mines,,,,,,,,Table,,,,,,,,
Medows,,,,Forest,,,,Fields,,,,Ocean,,,,Swamp,,,,Mines,,,,,,,,Table,,,,,,,,
Medows,,,,Forest,,,,Fields,,,,Ocean,,,,Swamp,,,,Mines,,,,,,,,Table,,,,,,,,
Medows,,,,Forest,,,,Fields,,,,Ocean,,,,Swamp,,,,Mines,,,,,,,,Table,,,,,,,,
Medows,,,,Forest,,,,Fields,,,,Ocean,,,,Swamp,,,,Mines,,,,,,,,Table,,,,,,,,
Medows,,,,Forest,,,,Fields,,,,Ocean,,,,Swamp,,,,Mines,,,,,,,,Table,,,,,,,,
Medows,,,,Forest,,,,Fields,,,,Ocean,,,,Swamp,,,,Mines,,,,,,,,Table,,,,,,,,
Medows,,,,Forest,,,,Fields,,,,Ocean,,,,Swamp,,,,Mines,,,,,,,,Table,,,,,,,,
Medows,,,,Forest,,,,Fields,,,,Ocean,,,,Swamp,,,,Mines,,,,,,,,Table,,,,,,,,
Medows,,,,Forest,,,,Fields,,,,Ocean,,,,Swamp,,,,Mines,,,,,,,,Table,,,,,,,,
Medows,,,,Forest,,,,Fields,,,,Ocean,,,,Swamp,,,,Mines,,,,,,,,Table,,,,,,,,
Medows,,,,Forest,,,,Fields,,,,Ocean,,,,Swamp,,,,Mines,,,,,,,,Table,,,,,,,,
Medows,,,,Forest,,,,Fields,,,,Ocean,,,,Swamp,,,,Mines,,,,,,,,Table,,,,,,,,
Medows,,,,Forest,,,,Fields,,,,Ocean,,,,Swamp,,,,Mines,,,,,,,,Table,,,,,,,,
Medows,,,,Forest,,,,Fields,,,,Ocean,,,,Swamp,,,,Mines,,,,,,,,Table,,,,,,,,
Medows,,,,Forest,,,,Fields,,,,Ocean,,,,Swamp,,,,Mines,,,,,,,,Table,,,,,,,,
Medows,,,,Forest,,,,Fields,,,,Ocean,,,,Swamp,,,,Mines,,,,,,,,Table,,,,,,,,
Medows,,,,Forest,,,,Fields,,,,Ocean,,,,Swamp,,,,Mines,,,,,,,,Table,,,,,,,,
Medows,,,,Forest,,,,Fields,,,,Ocean,,,,Swamp,,,,Mines,,,,,,,,Table,,,,,,,,
Medows,,,,Forest,,,,Fields,,,,Ocean,,,,Swamp,,,,Mines,,,,,,,,Table,,,,,,,,
Medows,,,,Forest,,,,Fields,,,,Ocean,,,,Swamp,,,,Mines,,,,,,,,Table,,,,,,,,
Medows,,,,Forest,,,,Fields,,,,Ocean,,,,Swamp,,,,Mines,,,,,,,,Table,,,,,,,,
Medows,,,,Forest,,,,Fields,,,,Ocean,,,,Swamp,,,,Mines,,,,,,,,Table,,,,,,,,
Medows,,,,Forest,,,,Fields,,,,Ocean,,,,Swamp,,,,Mines,,,,,,,,Table,,,,,,,,
Medows,,,,Forest,,,,Fields,,,,Ocean,,,,Swamp,,,,Mines,,,,,,,,Table,,,,,,,,
Medows,,,,Forest,,,,Fields,,,,Ocean,,,,Swamp,,,,Mines,,,,,,,,Table,,,,,,,,
Medows,,,,Forest,,,,Fields,,,,Ocean,,,,Swamp,,,,Mines,,,,,,,,Table,,,,,,,,
Medows,,,,Forest,,,,Fields,,,,Ocean,,,,Swamp,,,,Mines,,,,,,,,Table,,,,,,,,
Medows,,,,Forest,,,,Fields,,,,Ocean,,,,Swamp,,,,Mines,,,,,,,,Table,,,,,,,,
Medows,,,,Forest,,,,Fields,,,,Ocean,,,,Swamp,,,,Mines,,,,,,,,Table,,,,,,,,
Medows,,,,Forest,,,,Fields,,,,Ocean,,,,Swamp,,,,Mines,,,,,,,,Table,,,,,,,,
Medows,,,,Forest,,,,Fields,,,,Ocean,,,,Swamp,,,,Mines,,,,,,,,Table,,,,,,,,
Medows,,,,Forest,,,,Fields,,,,Ocean,,,,Swamp,,,,Mines,,,,,,,,Table,,,,,,,,
Medows,,,,Forest,,,,Fields,,,,Ocean,,,,Swamp,,,,Mines,,,,,,,,Table,,,,,,,,
Medows,,,,Forest,,,,Fields,,,,Ocean,,,,Swamp,,,,Mines,,,,,,,,Table,,,,,,,,
Medows,,,,Forest,,,,Fields,,,,Ocean,,,,Swamp,,,,Mines,,,,,,,,Table,,,,,,,,
Medows,,,,Forest,,,,Fields,,,,Ocean,,,,Swamp,,,,Mines,,,,,,,,Table,,,,,,,,
Medows,,,,Forest,,,,Fields,,,,Ocean,,,,Swamp,,,,Mines,,,,,,,,Table,,,,,,,,
Medows,,,,Forest,,,,Fields,,,,Ocean,,,,Swamp,,,,Mines,,,,,,,,Table,,,,,,,,
Medows,,,,Forest,,,,Fields,,,,Ocean,,,,Swamp,,,,Mines,,,,,,,,Table,,,,,,,,
Medows,,,,Forest,,,,Fields,,,,Ocean,,,,Swamp,,,,Mines,,,,,,,,Table,,,,,,,,
Medows,,,,Forest,,,,Fields,,,,Ocean,,,,Swamp,,,,Mines,,,,,,,,Table,,,,,,,,
Medows,,,,Forest,,,,Fields,,,,Ocean,,,,Swamp,,,,Mines,,,,,,,,Table,,,,,,,,
Medows,,,,Forest,,,,Fields,,,,Ocean,,,,Swamp,,,,Mines,,,,,,,,Table,,,,,,,,
Medows,,,,Forest,,,,Fields,,,,Ocean,,,,Swamp,,,,Mines,,,,,,,,Table,,,,,,,,
Medows,,,,Forest,,,,Fields,,,,Ocean,,,,Swamp,,,,Mines,,,,,,,,Table,,,,,,,,
Medows,,,,Forest,,,,Fields,,,,Ocean,,,,Swamp,,,,Mines,,,,,,,,Table,,,,,,,,
Medows,,,,Forest,,,,Fields,,,,Ocean,,,,Swamp,,,,Mines,,,,,,,,Table,,,,,,,,
Medows,,,,Forest,,,,Fields,,,,Ocean,,,,Swamp,,,,Mines,,,,,,,,Table,,,,,,,,
Medows,,,,Forest,,,,Fields,,,,Ocean,,,,Swamp,,,,Mines,,,,,,,,Table,,,,,,,,
Medows,,,,Forest,,,,Fields,,,,Ocean,,,,Swamp,,,,Mines,,,,,,,,Table,,,,,,,,
Medows,,,,Forest,,,,Fields,,,,Ocean,,,,Swamp,,,,Mines,,,,,,,,Table,,,,,,,,
Medows,,,,Forest,,,,Fields,,,,Ocean,,,,Swamp,,,,Mines,,,,,,,,Table,,,,,,,,
Medows,,,,Forest,,,,Fields,,,,Ocean,,,,Swamp,,,,Mines,,,,,,,,Table,,,,,,,,
Medows,,,,Forest,,,,Fields,,,,Ocean,,,,Swamp,,,,Mines,,,,,,,,Table,,,,,,,,
Medows,,,,Forest,,,,Fields,,,,Ocean,,,,Swamp,,,,Mines,,,,,,,,Table,,,,,,,,
Medows,,,,Forest,,,,Fields,,,,Ocean,,,,Swamp,,,,Mines,,,,,,,,Table,,,,,,,,
Medows,,,,Forest,,,,Fields,,,,Ocean,,,,Swamp,,,,Mines,,,,,,,,Table,,,,,,,,
Medows,,,,Forest,,,,Fields,,,,Ocean,,,,Swamp,,,,Mines,,,,,,,,Table,,,,,,,,
Medows,,,,Forest,,,,Fields,,,,Ocean,,,,Swamp,,,,Mines,,,,,,,,Table,,,,,,,,
Medows,,,,Forest,,,,Fields,,,,Ocean,,,,Swamp,,,,Mines,,,,,,,,Table,,,,,,,,
Medows,,,,Forest,,,,Fields,,,,Ocean,,,,Swamp,,,,Mines,,,,,,,,Table,,,,,,,,
Medows,,,,Forest,,,,Fields,,,,Ocean,,,,Swamp,,,,Mines,,,,,,,,Table,,,,,,,,
Medows,,,,Forest,,,,Fields,,,,Ocean,,,,Swamp,,,,Mines,,,,,,,,Table,,,,,,,,
Medows,,,,Forest,,,,Fields,,,,Ocean,,,,Swamp,,,,Mines,,,,,,,,Table,,,,,,,,
Medows,,,,Forest,,,,Fields,,,,Ocean,,,,Swamp,,,,Mines,,,,,,,,Table,,,,,,,,
Medows,,,,Forest,,,,Fields,,,,Ocean,,,,Swamp,,,,Mines,,,,,,,,Table,,,,,,,,
Medows,,,,Forest,,,,Fields,,,,Ocean,,,,Swamp,,,,Mines,,,,,,,,Table,,,,,,,,
Medows,,,,Forest,,,,Fields,,,,Ocean,,,,Swamp,,,,Mines,,,,,,,,Table,,,,,,,,
Medows,,,,Forest,,,,Fields,,,,Ocean,,,,Swamp,,,,Mines,,,,,,,,Table,,,,,,,,
Medows,,,,Forest,,,,Fields,,,,Ocean,,,,Swamp,,,,Mines,,,,,,,,Table,,,,,,,,
Medows,,,,Forest,,,,Fields,,,,Ocean,,,,Swamp,,,,Mines,,,,,,,,Table,,,,,,,,
Medows,,,,Forest,,,,Fields,,,,Ocean,,,,Swamp,,,,Mines,,,,,,,,Table,,,,,,,,
Medows,,,,Forest,,,,Fields,,,,Ocean,,,,Swamp,,,,Mines,,,,,,,,Table,,,,,,,,
Medows,,,,Forest,,,,Fields,,,,Ocean,,,,Swamp,,,,Mines,,,,,,,,Table,,,,,,,,
Medows,,,,Forest,,,,Fields,,,,Ocean,,,,Swamp,,,,Mines,,,,,,,,Table,,,,,,,,
Medows,,,,Forest,,,,Fields,,,,Ocean,,,,Swamp,,,,Mines,,,,,,,,Table,,,,,,,,
Medows,,,,Forest,,,,Fields,,,,Ocean,,,,Swamp,,,,Mines,,,,,,,,Table,,,,,,,,
Medows,,,,Forest,,,,Fields,,,,Ocean,,,,Swamp,,,,Mines,,,,,,,,Table,,,,,,,,
Medows,,,,Forest,,,,Fields,,,,Ocean,,,,Swamp,,,,Mines,,,,,,,,Table,,,,,,,,
Medows,,,,Forest,,,,Fields,,,,Ocean,,,,Swamp,,,,Mines,,,,,,,,Table,,,,,,,,
Medows,,,,Forest,,,,Fields,,,,Ocean,,,,Swamp,,,,Mines,,,,,,,,Table,,,,,,,,
Medows,,,,Forest,,,,Fields,,,,Ocean,,,,Swamp,,,,Mines,,,,,,,,Table,,,,,,,,
Medows,,,,Forest,,,,Fields,,,,Ocean,,,,Swamp,,,,Mines,,,,,,,,Table,,,,,,,,
Medows,,,,Forest,,,,Fields,,,,Ocean,,,,Swamp,,,,Mines,,,,,,,,Table,,,,,,,,
Medows,,,,Forest,,,,Fields,,,,Ocean,,,,Swamp,,,,Mines,,,,,,,,Table,,,,,,,,
Medows,,,,Forest,,,,Fields,,,,Ocean,,,,Swamp,,,,Mines,,,,,,,,Table,,,,,,,,
Medows,,,,Forest,,,,Fields,,,,Ocean,,,,Swamp,,,,Mines,,,,,,,,Table,,,,,,,,
Medows,,,,Forest,,,,Fields,,,,Ocean,,,,Swamp,,,,Mines,,,,,,,,Table,,,,,,,,
Medows,,,,Forest,,,,Fields,,,,Ocean,,,,Swamp,,,,Mines,,,,,,,,Table,,,,,,,,
Medows,,,,Forest,,,,Fields,,,,Ocean,,,,Swamp,,,,Mines,,,,,,,,Table,,,,,,,,
Medows,,,,Forest,,,,Fields,,,,Ocean,,,,Swamp,,,,Mines,,,,,,,,Table,,,,,,,,
Medows,,,,Forest,,,,Fields,,,,Ocean,,,,Swamp,,,,Mines,,,,,,,,Table,,,,,,,,
Medows,,,,Forest,,,,Fields,,,,Ocean,,,,Swamp,,,,Mines,,,,,,,,Table,,,,,,,,
Medows,,,,Forest,,,,Fields,,,,Ocean,,,,Swamp,,,,Mines,,,,,,,,Table,,,,,,,,
Medows,,,,Forest,,,,Fields,,,,Ocean,,,,Swamp,,,,Mines,,,,,,,,Table,,,,,,,,
Medows,,,,Forest,,,,Fields,,,,Ocean,,,,Swamp,,,,Mines,,,,,,,,Table,,,,,,,,
Medows,,,,Forest,,,,Fields,,,,Ocean,,,,Swamp,,,,Mines,,,,,,,,Table,,,,,,,,
Medows,,,,Forest,,,,Fields,,,,Ocean,,,,Swamp,,,,Mines,,,,,,,,Table,,,,,,,,
Medows,,,,Forest,,,,Fields,,,,Ocean,,,,Swamp,,,,Mines,,,,,,,,Table,,,,,,,,
Medows,,,,Forest,,,,Fields,,,,Ocean,,,,Swamp,,,,Mines,,,,,,,,Table,,,,,,,,
Medows,,,,Forest,,,,Fields,,,,Ocean,,,,Swamp,,,,Mines,,,,,,,,Table,,,,,,,,
Medows,,,,Forest,,,,Fields,,,,Ocean,,,,Swamp,,,,Mines,,,,,,,,Table,,,,,,,,
Medows,,,,Forest,,,,Fields,,,,Ocean,,,,Swamp,,,,Mines,,,,,,,,Table,,,,,,,,
Medows,,,,Forest,,,,Fields,,,,Ocean,,,,Swamp,,,,Mines,,,,,,,,Table,,,,,,,,
Medows,,,,Forest,,,,Fields,,,,Ocean,,,,Swamp,,,,Mines,,,,,,,,Table,,,,,,,,
Medows,,,,Forest,,,,Fields,,,,Ocean,,,,Swamp,,,,Mines,,,,,,,,Table,,,,,,,,
Medows,,,,Forest,,,,Fields,,,,Ocean,,,,Swamp,,,,Mines,,,,,,,,Table,,,,,,,,
Medows,,,,Forest,,,,Fields,,,,Ocean,,,,Swamp,,,,Mines,,,,,,,,Table,,,,,,,,
Medows,,,,Forest,,,,Fields,,,,Ocean,,,,Swamp,,,,Mines,,,,,,,,Table,,,,,,,,
Medows,,,,Forest,,,,Fields,,,,Ocean,,,,Swamp,,,,Mines,,,,,,,,Table,,,,,,,,
Medows,,,,Forest,,,,Fields,,,,Ocean,,,,Swamp,,,,Mines,,,,,,,,Table,,,,,,,,
Medows,,,,Forest,,,,Fields,,,,Ocean,,,,Swamp,,,,Mines,,,,,,,,Table,,,,,,,,
Medows,,,,Forest,,,,Fields,,,,Ocean,,,,Swamp,,,,Mines,,,,,,,,Table,,,,,,,,
Medows,,,,Forest,,,,Fields,,,,Ocean,,,,Swamp,,,,Mines,,,,,,,,Table,,,,,,,,
Medows,,,,Forest,,,,Fields,,,,Ocean,,,,Swamp,,,,Mines,,,,,,,,Table,,,,,,,,
Medows,,,,Forest,,,,Fields,,,,Ocean,,,,Swamp,,,,Mines,,,,,,,,Table,,,,,,,,
Medows,,,,Forest,,,,Fields,,,,Ocean,,,,Swamp,,,,Mines,,,,,,,,Table,,,,,,,,
Medows,,,,Forest,,,,Fields,,,,Ocean,,,,Swamp,,,,Mines,,,,,,,,Table,,,,,,,,
Medows,,,,Forest,,,,Fields,,,,Ocean,,,,Swamp,,,,Mines,,,,,,,,Table,,,,,,,,
Medows,,,,Forest,,,,Fields,,,,Ocean,,,,Swamp,,,,Mines,,,,,,,,Table,,,,,,,,
Medows,,,,Forest,,,,Fields,,,,Ocean,,,,Swamp,,,,Mines,,,,,,,,Table,,,,,,,,
Medows,,,,Forest,,,,Fields,,,,Ocean,,,,Swamp,,,,Mines,,,,,,,,Table,,,,,,,,
Medows,,,,Forest,,,,Fields,,,,Ocean,,,,Swamp,,,,Mines,,,,,,,,Table,,,,,,,,
Medows,,,,Forest,,,,Fields,,,,Ocean,,,,Swamp,,,,Mines,,,,,,,,Table,,,,,,,,
Medows,,,,Forest,,,,Fields,,,,Ocean,,,,Swamp,,,,Mines,,,,,,,,Table,,,,,,,,
Medows,,,,Forest,,,,Fields,,,,Ocean,,,,Swamp,,,,Mines,,,,,,,,Table,,,,,,,,
Medows,,,,Forest,,,,Fields,,,,Ocean,,,,Swamp,,,,Mines,,,,,,,,Table,,,,,,,,
Medows,,,,Forest,,,,Fields,,,,Ocean,,,,Swamp,,,,Mines,,,,,,,,Table,,,,,,,,
Medows,,,,Forest,,,,Fields,,,,Ocean,,,,Swamp,,,,Mines,,,,,,,,Table,,,,,,,,
Medows,,,,Forest,,,,Fields,,,,Ocean,,,,Swamp,,,,Mines,,,,,,,,Table,,,,,,,,
Medows,,,,Forest,,,,Fields,,,,Ocean,,,,Swamp,,,,Mines,,,,,,,,Table,,,,,,,,
Medows,,,,Forest,,,,Fields,,,,Ocean,,,,Swamp,,,,Mines,,,,,,,,Table,,,,,,,,
Medows,,,,Forest,,,,Fields,,,,Ocean,,,,Swamp,,,,Mines,,,,,,,,Table,,,,,,,,
Medows,,,,Forest,,,,Fields,,,,Ocean,,,,Swamp,,,,Mines,,,,,,,,Table,,,,,,,,
Medows,,,,Forest,,,,Fields,,,,Ocean,,,,Swamp,,,,Mines,,,,,,,,Table,,,,,,,,
Medows,,,,Forest,,,,Fields,,,,Ocean,,,,Swamp,,,,Mines,,,,,,,,Table,,,,,,,,
Medows,,,,Forest,,,,Fields,,,,Ocean,,,,Swamp,,,,Mines,,,,,,,,Table,,,,,,,,
Medows,,,,Forest,,,,Fields,,,,Ocean,,,,Swamp,,,,Mines,,,,,,,,Table,,,,,,,,
Medows,,,,Forest,,,,Fields,,,,Ocean,,,,Swamp,,,,Mines,,,,,,,,Table,,,,,,,,
Medows,,,,Forest,,,,Fields,,,,Ocean,,,,Swamp,,,,Mines,,,,,,,,Table,,,,,,,,
Medows,,,,Forest,,,,Fields,,,,Ocean,,,,Swamp,,,,Mines,,,,,,,,Table,,,,,,,,
Medows,,,,Forest,,,,Fields,,,,Ocean,,,,Swamp,,,,Mines,,,,,,,,Table,,,,,,,,
Medows,,,,Forest,,,,Fields,,,,Ocean,,,,Swamp,,,,Mines,,,,,,,,Table,,,,,,,,
Medows,,,,Forest,,,,Fields,,,,Ocean,,,,Swamp,,,,Mines,,,,,,,,Table,,,,,,,,
Medows,,,,Forest,,,,Fields,,,,Ocean,,,,Swamp,,,,Mines,,,,,,,,Table,,,,,,,,
Medows,,,,Forest,,,,Fields,,,,Ocean,,,,Swamp,,,,Mines,,,,,,,,Table,,,,,,,,
Medows,,,,Forest,,,,Fields,,,,Ocean,,,,Swamp,,,,Mines,,,,,,,,Table,,,,,,,,
Medows,,,,Forest,,,,Fields,,,,Ocean,,,,Swamp,,,,Mines,,,,,,,,Table,,,,,,,,
Medows,,,,Forest,,,,Fields,,,,Ocean,,,,Swamp,,,,Mines,,,,,,,,Table,,,,,,,,
Medows,,,,Forest,,,,Fields,,,,Ocean,,,,Swamp,,,,Mines,,,,,,,,Table,,,,,,,,
Medows,,,,Forest,,,,Fields,,,,Ocean,,,,Swamp,,,,Mines,,,,,,,,Table,,,,,,,,
Medows,,,,Forest,,,,Fields,,,,Ocean,,,,Swamp,,,,Mines,,,,,,,,Table,,,,,,,,
Medows,,,,Forest,,,,Fields,,,,Ocean,,,,Swamp,,,,Mines,,,,,,,,Table,,,,,,,,
Medows,,,,Forest,,,,Fields,,,,Ocean,,,,Swamp,,,,Mines,,,,,,,,Table,,,,,,,,
Medows,,,,Forest,,,,Fields,,,,Ocean,,,,Swamp,,,,Mines,,,,,,,,Table,,,,,,,,
Medows,,,,Forest,,,,Fields,,,,Ocean,,,,Swamp,,,,Mines,,,,,,,,Table,,,,,,,,
Medows,,,,Forest,,,,Fields,,,,Ocean,,,,Swamp,,,,Mines,,,,,,,,Table,,,,,,,,
Medows,,,,Forest,,,,Fields,,,,Ocean,,,,Swamp,,,,Mines,,,,,,,,Table,,,,,,,,
Medows,,,,Forest,,,,Fields,,,,Ocean,,,,Swamp,,,,Mines,,,,,,,,Table,,,,,,,,
Medows,,,,Forest,,,,Fields,,,,Ocean,,,,Swamp,,,,Mines,,,,,,,,Table,,,,,,,,
Medows,,,,Forest,,,,Fields,,,,Ocean,,,,Swamp,,,,Mines,,,,,,,,Table,,,,,,,,
Medows,,,,Forest,,,,Fields,,,,Ocean,,,,Swamp,,,,Mines,,,,,,,,Table,,,,,,,,
Medows,,,,Forest,,,,Fields,,,,Ocean,,,,Swamp,,,,Mines,,,,,,,,Table,,,,,,,,
Medows,,,,Forest,,,,Fields,,,,Ocean,,,,Swamp,,,,Mines,,,,,,,,Table,,,,,,,,
Medows,,,,Forest,,,,Fields,,,,Ocean,,,,Swamp,,,,Mines,,,,,,,,Table,,,,,,,,
Medows,,,,Forest,,,,Fields,,,,Ocean,,,,Swamp,,,,Mines,,,,,,,,Table,,,,,,,,
Medows,,,,Forest,,,,Fields,,,,Ocean,,,,Swamp,,,,Mines,,,,,,,,Table,,,,,,,,
Medows,,,,Forest,,,,Fields,,,,Ocean,,,,Swamp,,,,Mines,,,,,,,,Table,,,,,,,,
Medows,,,,Forest,,,,Fields,,,,Ocean,,,,Swamp,,,,Mines,,,,,,,,Table,,,,,,,,
Medows,,,,Forest,,,,Fields,,,,Ocean,,,,Swamp,,,,Mines,,,,,,,,Table,,,,,,,,
Medows,,,,Forest,,,,Fields,,,,Ocean,,,,Swamp,,,,Mines,,,,,,,,Table,,,,,,,,
Medows,,,,Forest,,,,Fields,,,,Ocean,,,,Swamp,,,,Mines,,,,,,,,Table,,,,,,,,
Medows,,,,Forest,,,,Fields,,,,Ocean,,,,Swamp,,,,Mines,,,,,,,,Table,,,,,,,,
Medows,,,,Forest,,,,Fields,,,,Ocean,,,,Swamp,,,,Mines,,,,,,,,Table,,,,,,,,
Medows,,,,Forest,,,,Fields,,,,Ocean,,,,Swamp,,,,Mines,,,,,,,,Table,,,,,,,,
Medows,,,,Forest,,,,Fields,,,,Ocean,,,,Swamp,,,,Mines,,,,,,,,Table,,,,,,,,
Medows,,,,Forest,,,,Fields,,,,Ocean,,,,Swamp,,,,Mines,,,,,,,,Table,,,,,,,,
Medows,,,,Forest,,,,Fields,,,,Ocean,,,,Swamp,,,,Mines,,,,,,,,Table,,,,,,,,
Medows,,,,Forest,,,,Fields,,,,Ocean,,,,Swamp,,,,Mines,,,,,,,,Table,,,,,,,,
Medows,,,,Forest,,,,Fields,,,,Ocean,,,,Swamp,,,,Mines,,,,,,,,Table,,,,,,,,
Medows,,,,Forest,,,,Fields,,,,Ocean,,,,Swamp,,,,Mines,,,,,,,,Table,,,,,,,,
Medows,,,,Forest,,,,Fields,,,,Ocean,,,,Swamp,,,,Mines,,,,,,,,Table,,,,,,,,
Medows,,,,Forest,,,,Fields,,,,Ocean,,,,Swamp,,,,Mines,,,,,,,,Table,,,,,,,,
Medows,,,,Forest,,,,Fields,,,,Ocean,,,,Swamp,,,,Mines,,,,,,,,Table,,,,,,,,
Medows,,,,Forest,,,,Fields,,,,Ocean,,,,Swamp,,,,Mines,,,,,,,,Table,,,,,,,,
Medows,,,,Forest,,,,Fields,,,,Ocean,,,,Swamp,,,,Mines,,,,,,,,Table,,,,,,,,
Medows,,,,Forest,,,,Fields,,,,Ocean,,,,Swamp,,,,Mines,,,,,,,,Table,,,,,,,,
Medows,,,,Forest,,,,Fields,,,,Ocean,,,,Swamp,,,,Mines,,,,,,,,Table,,,,,,,,
Medows,,,,Forest,,,,Fields,,,,Ocean,,,,Swamp,,,,Mines,,,,,,,,Table,,,,,,,,
Medows,,,,Forest,,,,Fields,,,,Ocean,,,,Swamp,,,,Mines,,,,,,,,Table,,,,,,,,
Medows,,,,Forest,,,,Fields,,,,Ocean,,,,Swamp,,,,Mines,,,,,,,,Table,,,,,,,,
Medows,,,,Forest,,,,Fields,,,,Ocean,,,,Swamp,,,,Mines,,,,,,,,Table,,,,,,,,
Medows,,,,Forest,,,,Fields,,,,Ocean,,,,Swamp,,,,Mines,,,,,,,,Table,,,,,,,,
Medows,,,,Forest,,,,Fields,,,,Ocean,,,,Swamp,,,,Mines,,,,,,,,Table,,,,,,,,
Medows,,,,Forest,,,,Fields,,,,Ocean,,,,Swamp,,,,Mines,,,,,,,,Table,,,,,,,,
Medows,,,,Forest,,,,Fields,,,,Ocean,,,,Swamp,,,,Mines,,,,,,,,Table,,,,,,,,
Medows,,,,Forest,,,,Fields,,,,Ocean,,,,Swamp,,,,Mines,,,,,,,,Table,,,,,,,,
Medows,,,,Forest,,,,Fields,,,,Ocean,,,,Swamp,,,,Mines,,,,,,,,Table,,,,,,,,
Medows,,,,Forest,,,,Fields,,,,Ocean,,,,Swamp,,,,Mines,,,,,,,,Table,,,,,,,,
Medows,,,,Forest,,,,Fields,,,,Ocean,,,,Swamp,,,,Mines,,,,,,,,Table,,,,,,,,
Medows,,,,Forest,,,,Fields,,,,Ocean,,,,Swamp,,,,Mines,,,,,,,,Table,,,,,,,,
Medows,,,,Forest,,,,Fields,,,,Ocean,,,,Swamp,,,,Mines,,,,,,,,Table,,,,,,,,
Medows,,,,Forest,,,,Fields,,,,Ocean,,,,Swamp,,,,Mines,,,,,,,,Table,,,,,,,,
Medows,,,,Forest,,,,Fields,,,,Ocean,,,,Swamp,,,,Mines,,,,,,,,Table,,,,,,,,
Medows,,,,Forest,,,,Fields,,,,Ocean,,,,Swamp,,,,Mines,,,,,,,,Table,,,,,,,,
Medows,,,,Forest,,,,Fields,,,,Ocean,,,,Swamp,,,,Mines,,,,,,,,Table,,,,,,,,
Medows,,,,Forest,,,,Fields,,,,Ocean,,,,Swamp,,,,Mines,,,,,,,,Table,,,,,,,,
Medows,,,,Forest,,,,Fields,,,,Ocean,,,,Swamp,,,,Mines,,,,,,,,Table,,,,,,,,
Medows,,,,Forest,,,,Fields,,,,Ocean,,,,Swamp,,,,Mines,,,,,,,,Table,,,,,,,,
Medows,,,,Forest,,,,Fields,,,,Ocean,,,,Swamp,,,,Mines,,,,,,,,Table,,,,,,,,
Medows,,,,Forest,,,,Fields,,,,Ocean,,,,Swamp,,,,Mines,,,,,,,,Table,,,,,,,,
Medows,,,,Forest,,,,Fields,,,,Ocean,,,,Swamp,,,,Mines,,,,,,,,Table,,,,,,,,
Medows,,,,Forest,,,,Fields,,,,Ocean,,,,Swamp,,,,Mines,,,,,,,,Table,,,,,,,,
Medows,46,238,106,Forest,42,89,44,Fields,25,255,163,Ocean,108,252,140,Swamp,23,104,87,Mines,24,64,32,,,,,Table,,,,,,,,
Medows,44,218,112,Forest,47,136,40,Fields,25,250,162,Ocean,,,,Swamp,20,157,78,Mines,24,40,29.5,,,,,Table,,,,,,,,
Medows,45,201,107,Forest,,,,Fields,26,252,166,Ocean,,,,Swamp,21,119,73,Mines,,,,,,,,Table,,,,,,,,
Medows,40,214,92,Forest,,,,Fields,25,250,163,Ocean,,,,Swamp,22,103,85,Mines,,,,,,,,Table,,,,,,,,
Medows,43,231,113,Forest,,,,Fields,25,250,165,Ocean,,,,Swamp,22,118,80,Mines,,,,,,,,Table,,,,,,,,
Medows,42,220,111,Forest,,,,Fields,25,243,167,Ocean,,,,Swamp,,,,Mines,,,,,,,,Table,,,,,,,,
Medows,,,,Forest,,,,Fields,25,245,156,Ocean,,,,Swamp,,,,Mines,,,,,,,,Table,,,,,,,,
Medows,,,,Forest,,,,Fields,25,247,169,Ocean,,,,Swamp,,,,Mines,,,,,,,,Table,,,,,,,,
Medows,,,,Forest,,,,Fields,,,,Ocean,,,,Swamp,,,,Mines,,,,,,,,Table,,,,,,,,
Medows,,,,Forest,,,,Fields,,,,Ocean,,,,Swamp,,,,Mines,,,,,,,,Table,,,,,,,,
Medows,,,,Forest,,,,Fields,,,,Ocean,,,,Swamp,,,,Mines,,,,,,,,Table,,,,,,,,
Medows,,,,Forest,,,,Fields,,,,Ocean,,,,Swamp,,,,Mines,,,,,,,,Table,,,,,,,,
Medows,,,,Forest,,,,Fields,,,,Ocean,,,,Swamp,,,,Mines,,,,,,,,Table,,,,,,,,
Medows,,,,Forest,,,,Fields,,,,Ocean,,,,Swamp,,,,Mines,,,,,,,,Table,,,,,,,,
Medows,,,,Forest,,,,Fields,,,,Ocean,,,,Swamp,,,,Mines,,,,,,,,Table,,,,,,,,
Medows,,,,Forest,60,78,37,Fields,25,241,166,Ocean,108,250,116,Swamp,20,78,80,Mines,23,92,52,,,,,Table,,,,,,,,
Medows,,,,Forest,60,83,38,Fields,25,246,172,Ocean,108,255,153,Swamp,21,35,104,Mines,22,67,24,,,,,Table,,,,,,,,
Medows,,,,Forest,57,85,37,Fields,25,254,171,Ocean,109,253,147,Swamp,21,106,91,Mines,22,44,29,,,,,Table,,,,,,,,
Medows,,,,Forest,36,97,44,Fields,25,252,174,Ocean,109,255,151,Swamp,,,,Mines,24,64,30,,,,,Table,,,,,,,,
Medows,,,,Forest,49,109,38,Fields,25,254,172,Ocean,108,255,157,Swamp,,,,Mines,,,,,,,,Table,,,,,,,,
Medows,,,,Forest,,,,Fields,25,246,160,Ocean,109,255,153,Swamp,,,,Mines,,,,,,,,Table,,,,,,,,
Medows,,,,Forest,,,,Fields,,,,Ocean,,,,Swamp,,,,Mines,,,,,,,,Table,,,,,,,,
Medows,,,,Forest,,,,Fields,,,,Ocean,,,,Swamp,,,,Mines,,,,,,,,Table,,,,,,,,
Medows,,,,Forest,,,,Fields,,,,Ocean,,,,Swamp,,,,Mines,,,,,,,,Table,,,,,,,,
Medows,,,,Forest,,,,Fields,,,,Ocean,,,,Swamp,,,,Mines,,,,,,,,Table,,,,,,,,
Medows,,,,Forest,,,,Fields,,,,Ocean,,,,Swamp,,,,Mines,,,,,,,,Table,,,,,,,,
Medows,,,,Forest,,,,Fields,,,,Ocean,,,,Swamp,,,,Mines,,,,,,,,Table,,,,,,,,
Medows,,,,Forest,,,,Fields,,,,Ocean,,,,Swamp,,,,Mines,,,,,,,,Table,,,,,,,,
Medows,,,,Forest,,,,Fields,,,,Ocean,,,,Swamp,,,,Mines,,,,,,,,Table,,,,,,,,
Medows,,,,Forest,,,,Fields,,,,Ocean,,,,Swamp,,,,Mines,,,,,,,,Table,,,,,,,,
Medows,40,219,130,Forest,34,167,50,Fields,25,254,181,Ocean,107,254,171,Swamp,21,120,89,Mines,,,,,,,,Table,,,,,,,,
Medows,40,226,129,Forest,40,158,44,Fields,24,249,174,Ocean,107,253,168,Swamp,,,,Mines,,,,,,,,Table,,,,,,,,
Medows,43,212,133,Forest,43,161,43,Fields,25,251,182,Ocean,108,253,148,Swamp,,,,Mines,,,,,,,,Table,,,,,,,,
Medows,41,221,128,Forest,44,166,47,Fields,25,249,177,Ocean,108,253,137,Swamp,,,,Mines,,,,,,,,Table,,,,,,,,
Medows,42,226,130,Forest,40,168,49,Fields,25,252,174,Ocean,,,,Swamp,,,,Mines,,,,,,,,Table,,,,,,,,
Medows,37,222,97,Forest,36,149,50,Fields,,,,Ocean,,,,Swamp,,,,Mines,,,,,,,,Table,,,,,,,,
Medows,,,,Forest,34,180,57,Fields,,,,Ocean,,,,Swamp,,,,Mines,,,,,,,,Table,,,,,,,,
Medows,,,,Forest,35,170,54,Fields,,,,Ocean,,,,Swamp,,,,Mines,,,,,,,,Table,,,,,,,,
Medows,,,,Forest,,,,Fields,,,,Ocean,,,,Swamp,,,,Mines,,,,,,,,Table,,,,,,,,
Medows,,,,Forest,,,,Fields,,,,Ocean,,,,Swamp,,,,Mines,,,,,,,,Table,,,,,,,,
Medows,,,,Forest,,,,Fields,,,,Ocean,,,,Swamp,,,,Mines,,,,,,,,Table,,,,,,,,
Medows,,,,Forest,,,,Fields,,,,Ocean,,,,Swamp,,,,Mines,,,,,,,,Table,,,,,,,,
Medows,,,,Forest,,,,Fields,,,,Ocean,,,,Swamp,,,,Mines,,,,,,,,Table,,,,,,,,
Medows,,,,Forest,,,,Fields,,,,Ocean,,,,Swamp,,,,Mines,,,,,,,,Table,,,,,,,,
Medows,,,,Forest,,,,Fields,,,,Ocean,,,,Swamp,,,,Mines,,,,,,,,Table,,,,,,,,
Medows,35,199,93,Forest,50,105,41,Fields,26,250,160,Ocean,108,244,109,Swamp,22,88,89,Mines,,,,,,,,Table,19,187,132,,,,,
Medows,,,,Forest,45,138,36,Fields,26,255,159,Ocean,108,253,139,Swamp,,,,Mines,,,,,,,,Table,18,200,130,,,,,
Medows,,,,Forest,46,144,38,Fields,25,246,142,Ocean,108,241,117,Swamp,,,,Mines,,,,,,,,Table,,,,,,,,
Medows,,,,Forest,43,170,36,Fields,25,250,167,Ocean,108,247,113,Swamp,,,,Mines,,,,,,,,Table,,,,,,,,
Medows,,,,Forest,46,158,38,Fields,26,249,160,Ocean,108,251,136,Swamp,,,,Mines,,,,,,,,Table,,,,,,,,
Medows,,,,Forest,42,156,40,Fields,25,255,170,Ocean,108,252,142,Swamp,,,,Mines,,,,,,,,Table,,,,,,,,
Medows,,,,Forest,43,178,36,Fields,25,254,173,Ocean,,,,Swamp,,,,Mines,,,,,,,,Table,,,,,,,,
Medows,,,,Forest,,,,Fields,,,,Ocean,,,,Swamp,,,,Mines,,,,,,,,Table,,,,,,,,
Medows,,,,Forest,,,,Fields,,,,Ocean,,,,Swamp,,,,Mines,,,,,,,,Table,,,,,,,,
Medows,,,,Forest,,,,Fields,,,,Ocean,,,,Swamp,,,,Mines,,,,,,,,Table,,,,,,,,
Medows,,,,Forest,,,,Fields,,,,Ocean,,,,Swamp,,,,Mines,,,,,,,,Table,,,,,,,,
Medows,,,,Forest,,,,Fields,,,,Ocean,,,,Swamp,,,,Mines,,,,,,,,Table,,,,,,,,
Medows,,,,Forest,,,,Fields,,,,Ocean,,,,Swamp,,,,Mines,,,,,,,,Table,,,,,,,,
Medows,,,,Forest,,,,Fields,,,,Ocean,,,,Swamp,,,,Mines,,,,,,,,Table,,,,,,,,
Medows,,,,Forest,,,,Fields,,,,Ocean,,,,Swamp,,,,Mines,,,,,,,,Table,,,,,,,,
Medows,46,228,103,Forest,42,83,45,Fields,25,255,164,Ocean,108,252,142,Swamp,24,102.5,85,Mines,24,67,41,,,,,Table,,,,,,,,
Medows,45,203,115,Forest,45,146,40,Fields,25,252,165,Ocean,,,,Swamp,21,164,74,Mines,24,49,36,,,,,Table,,,,,,,,
Medows,45,195,111,Forest,,,,Fields,25,252,167,Ocean,,,,Swamp,21,130,80,Mines,,,,,,,,Table,,,,,,,,
Medows,39,200,95,Forest,,,,Fields,25,249,164,Ocean,,,,Swamp,22,109,84,Mines,,,,,,,,Table,,,,,,,,
Medows,43,234,114,Forest,,,,Fields,25,249,167,Ocean,,,,Swamp,22,134,80,Mines,,,,,,,,Table,,,,,,,,
Medows,41,222,112,Forest,,,,Fields,25,242,168,Ocean,,,,Swamp,,,,Mines,,,,,,,,Table,,,,,,,,
Medows,,,,Forest,,,,Fields,24,240,155,Ocean,,,,Swamp,,,,Mines,,,,,,,,Table,,,,,,,,
Medows,,,,Forest,,,,Fields,25,246,171,Ocean,,,,Swamp,,,,Mines,,,,,,,,Table,,,,,,,,
Medows,,,,Forest,,,,Fields,,,,Ocean,,,,Swamp,,,,Mines,,,,,,,,Table,,,,,,,,
Medows,,,,Forest,,,,Fields,,,,Ocean,,,,Swamp,,,,Mines,,,,,,,,Table,,,,,,,,
Medows,,,,Forest,,,,Fields,,,,Ocean,,,,Swamp,,,,Mines,,,,,,,,Table,,,,,,,,
Medows,,,,Forest,,,,Fields,,,,Ocean,,,,Swamp,,,,Mines,,,,,,,,Table,,,,,,,,
Medows,,,,Forest,,,,Fields,,,,Ocean,,,,Swamp,,,,Mines,,,,,,,,Table,,,,,,,,
Medows,,,,Forest,,,,Fields,,,,Ocean,,,,Swamp,,,,Mines,,,,,,,,Table,,,,,,,,
Medows,,,,Forest,,,,Fields,,,,Ocean,,,,Swamp,,,,Mines,,,,,,,,Table,,,,,,,,
Medows,,,,Forest,57,83,38,Fields,25,240,168,Ocean,108,243,108,Swamp,21,78,80,Mines,22,112,70,,,,,Table,,,,,,,,
Medows,,,,Forest,57,88,40,Fields,25,245,173,Ocean,109,255,155,Swamp,22,38,106,Mines,22,69,30,,,,,Table,,,,,,,,
Medows,,,,Forest,53,96,38,Fields,25,253,171,Ocean,109,252,138,Swamp,22,99,93,Mines,23,53,32,,,,,Table,,,,,,,,
Medows,,,,Forest,34,111,45,Fields,25,252,176,Ocean,109,255,153,Swamp,,,,Mines,23,71,36,,,,,Table,,,,,,,,
Medows,,,,Forest,48,123,39,Fields,25,254,175,Ocean,108,255,160,Swamp,,,,Mines,,,,,,,,Table,,,,,,,,
Medows,,,,Forest,,,,Fields,25,248,160,Ocean,108,255,156,Swamp,,,,Mines,,,,,,,,Table,,,,,,,,
Medows,,,,Forest,,,,Fields,,,,Ocean,,,,Swamp,,,,Mines,,,,,,,,Table,,,,,,,,
Medows,,,,Forest,,,,Fields,,,,Ocean,,,,Swamp,,,,Mines,,,,,,,,Table,,,,,,,,
Medows,,,,Forest,,,,Fields,,,,Ocean,,,,Swamp,,,,Mines,,,,,,,,Table,,,,,,,,
Medows,,,,Forest,,,,Fields,,,,Ocean,,,,Swamp,,,,Mines,,,,,,,,Table,,,,,,,,
Medows,,,,Forest,,,,Fields,,,,Ocean,,,,Swamp,,,,Mines,,,,,,,,Table,,,,,,,,
Medows,,,,Forest,,,,Fields,,,,Ocean,,,,Swamp,,,,Mines,,,,,,,,Table,,,,,,,,
Medows,,,,Forest,,,,Fields,,,,Ocean,,,,Swamp,,,,Mines,,,,,,,,Table,,,,,,,,
Medows,,,,Forest,,,,Fields,,,,Ocean,,,,Swamp,,,,Mines,,,,,,,,Table,,,,,,,,
Medows,,,,Forest,,,,Fields,,,,Ocean,,,,Swamp,,,,Mines,,,,,,,,Table,,,,,,,,
Medows,40,208,128,Forest,34,166,52,Fields,25,252,182,Ocean,108,253,138,Swamp,21,112,95,Mines,,,,,,,,Table,,,,,,,,
Medows,40,228,128,Forest,40,155,45,Fields,24,248,172,Ocean,109,253,128,Swamp,,,,Mines,,,,,,,,Table,,,,,,,,
Medows,43,216,120,Forest,43,149,44,Fields,25,248,183,Ocean,109,253,124,Swamp,,,,Mines,,,,,,,,Table,,,,,,,,
Medows,44,232,87,Forest,45,153,44,Fields,25,251,173,Ocean,109,253,132,Swamp,,,,Mines,,,,,,,,Table,,,,,,,,
Medows,45,226,94,Forest,40,168,47,Fields,25,253,135,Ocean,,,,Swamp,,,,Mines,,,,,,,,Table,,,,,,,,
Medows,39,220,74,Forest,36,156,46,Fields,,,,Ocean,,,,Swamp,,,,Mines,,,,,,,,Table,,,,,,,,
Medows,,,,Forest,35,172,37,Fields,,,,Ocean,,,,Swamp,,,,Mines,,,,,,,,Table,,,,,,,,
Medows,,,,Forest,36,150,34,Fields,,,,Ocean,,,,Swamp,,,,Mines,,,,,,,,Table,,,,,,,,
Medows,,,,Forest,,,,Fields,,,,Ocean,,,,Swamp,,,,Mines,,,,,,,,Table,,,,,,,,
Medows,,,,Forest,,,,Fields,,,,Ocean,,,,Swamp,,,,Mines,,,,,,,,Table,,,,,,,,
Medows,,,,Forest,,,,Fields,,,,Ocean,,,,Swamp,,,,Mines,,,,,,,,Table,,,,,,,,
Medows,,,,Forest,,,,Fields,,,,Ocean,,,,Swamp,,,,Mines,,,,,,,,Table,,,,,,,,
Medows,,,,Forest,,,,Fields,,,,Ocean,,,,Swamp,,,,Mines,,,,,,,,Table,,,,,,,,
Medows,,,,Forest,,,,Fields,,,,Ocean,,,,Swamp,,,,Mines,,,,,,,,Table,,,,,,,,
Medows,,,,Forest,,,,Fields,,,,Ocean,,,,Swamp,,,,Mines,,,,,,,,Table,,,,,,,,
Medows,37,206,112,Forest,43,144,44,Fields,25,251,174,Ocean,108,248,130,Swamp,21,76,107,Mines,23,75,35,,,,,Table,,,,,,,,
Medows,45,195,121,Forest,43,158,42,Fields,25,244,166,Ocean,108,254,156,Swamp,21,113,95,Mines,23,96,54,,,,,Table,,,,,,,,
Medows,,,,Forest,36,150,48,Fields,25,243,176,Ocean,107,251,151,Swamp,,,,Mines,,,,,,,,Table,,,,,,,,
Medows,,,,Forest,45,162,46,Fields,25,246,176,Ocean,108,253,161,Swamp,,,,Mines,,,,,,,,Table,,,,,,,,
Medows,,,,Forest,,,,Fields,25,252,179,Ocean,108,254,168,Swamp,,,,Mines,,,,,,,,Table,,,,,,,,
Medows,,,,Forest,,,,Fields,25,252,180,Ocean,108,255,170,Swamp,,,,Mines,,,,,,,,Table,,,,,,,,
Medows,,,,Forest,,,,Fields,25,251,181,Ocean,107,254,172,Swamp,,,,Mines,,,,,,,,Table,,,,,,,,
Medows,,,,Forest,,,,Fields,,,,Ocean,,,,Swamp,,,,Mines,,,,,,,,Table,,,,,,,,
Medows,,,,Forest,,,,Fields,,,,Ocean,,,,Swamp,,,,Mines,,,,,,,,Table,,,,,,,,
Medows,,,,Forest,,,,Fields,,,,Ocean,,,,Swamp,,,,Mines,,,,,,,,Table,,,,,,,,
Medows,,,,Forest,,,,Fields,,,,Ocean,,,,Swamp,,,,Mines,,,,,,,,Table,,,,,,,,
Medows,,,,Forest,,,,Fields,,,,Ocean,,,,Swamp,,,,Mines,,,,,,,,Table,,,,,,,,
Medows,,,,Forest,,,,Fields,,,,Ocean,,,,Swamp,,,,Mines,,,,,,,,Table,,,,,,,,
Medows,,,,Forest,,,,Fields,,,,Ocean,,,,Swamp,,,,Mines,,,,,,,,Table,,,,,,,,
Medows,,,,Forest,,,,Fields,,,,Ocean,,,,Swamp,,,,Mines,,,,,,,,Table,,,,,,,,
Medows,,,,Forest,52,102,36,Fields,24,234,158,Ocean,108,251,144,Swamp,21,80,82,Mines,23,64,31,,,,,Table,,,,,,,,
Medows,,,,Forest,48,105,35,Fields,25,240,172,Ocean,109,253,162,Swamp,,,,Mines,,,,,,,,Table,,,,,,,,
Medows,,,,Forest,40,77,44,Fields,25,240,170,Ocean,108,245,130,Swamp,,,,Mines,,,,,,,,Table,,,,,,,,
Medows,,,,Forest,58,83,36,Fields,25,248,172,Ocean,108,249,128,Swamp,,,,Mines,,,,,,,,Table,,,,,,,,
Medows,,,,Forest,56,85,35,Fields,25,252,174,Ocean,109,253,162,Swamp,,,,Mines,,,,,,,,Table,,,,,,,,
Medows,,,,Forest,51,97,39,Fields,25,251,176,Ocean,,,,Swamp,,,,Mines,,,,,,,,Table,,,,,,,,
Medows,,,,Forest,50,108,34,Fields,25,249,174,Ocean,,,,Swamp,,,,Mines,,,,,,,,Table,,,,,,,,
Medows,,,,Forest,37,137,39,Fields,25,246,170,Ocean,,,,Swamp,,,,Mines,,,,,,,,Table,,,,,,,,
Medows,,,,Forest,40,113,41,Fields,,,,Ocean,,,,Swamp,,,,Mines,,,,,,,,Table,,,,,,,,
Medows,,,,Forest,,,,Fields,,,,Ocean,,,,Swamp,,,,Mines,,,,,,,,Table,,,,,,,,
Medows,,,,Forest,,,,Fields,,,,Ocean,,,,Swamp,,,,Mines,,,,,,,,Table,,,,,,,,
Medows,,,,Forest,,,,Fields,,,,Ocean,,,,Swamp,,,,Mines,,,,,,,,Table,,,,,,,,
Medows,,,,Forest,,,,Fields,,,,Ocean,,,,Swamp,,,,Mines,,,,,,,,Table,,,,,,,,
Medows,,,,Forest,,,,Fields,,,,Ocean,,,,Swamp,,,,Mines,,,,,,,,Table,,,,,,,,
Medows,,,,Forest,,,,Fields,,,,Ocean,,,,Swamp,,,,Mines,,,,,,,,Table,,,,,,,,
Medows,41,215,129,Forest,33,161,53,Fields,25,248,173,Ocean,108,243,134,Swamp,20,130,74,Mines,23,41,31,,,,,Table,,,,,,,,
Medows,40,224,125,Forest,43,162,45,Fields,25,239,170,Ocean,109,253,124,Swamp,,,,Mines,23,43,29,,,,,Table,,,,,,,,
Medows,41,218,129,Forest,41,151,45,Fields,25,245,168,Ocean,,,,Swamp,,,,Mines,,,,,,,,Table,,,,,,,,
Medows,38,220,110,Forest,,,,Fields,25,243,170,Ocean,,,,Swamp,,,,Mines,,,,,,,,Table,,,,,,,,
Medows,42,243,109,Forest,,,,Fields,25,255,153,Ocean,,,,Swamp,,,,Mines,,,,,,,,Table,,,,,,,,
Medows,40,239,92.5,Forest,,,,Fields,,,,Ocean,,,,Swamp,,,,Mines,,,,,,,,Table,,,,,,,,
Medows,44,213,106,Forest,,,,Fields,,,,Ocean,,,,Swamp,,,,Mines,,,,,,,,Table,,,,,,,,
Medows,39,225,73,Forest,,,,Fields,,,,Ocean,,,,Swamp,,,,Mines,,,,,,,,Table,,,,,,,,
Medows,45,224,86,Forest,,,,Fields,,,,Ocean,,,,Swamp,,,,Mines,,,,,,,,Table,,,,,,,,
Medows,46,193,87,Forest,,,,Fields,,,,Ocean,,,,Swamp,,,,Mines,,,,,,,,Table,,,,,,,,
Medows,48,183,86,Forest,,,,Fields,,,,Ocean,,,,Swamp,,,,Mines,,,,,,,,Table,,,,,,,,
Medows,,,,Forest,,,,Fields,,,,Ocean,,,,Swamp,,,,Mines,,,,,,,,Table,,,,,,,,
Medows,,,,Forest,,,,Fields,,,,Ocean,,,,Swamp,,,,Mines,,,,,,,,Table,,,,,,,,
Medows,,,,Forest,,,,Fields,,,,Ocean,,,,Swamp,,,,Mines,,,,,,,,Table,,,,,,,,
Medows,,,,Forest,,,,Fields,,,,Ocean,,,,Swamp,,,,Mines,,,,,,,,Table,,,,,,,,
Medows,37,207,110,Forest,45,141,44,Fields,26,251,172,Ocean,108,249,131,Swamp,21,74,104,Mines,23,77,33,,,,,Table,,,,,,,,
Medows,45,195,119,Forest,43,155,40,Fields,25,245,167,Ocean,108,254,156,Swamp,21,116,95,Mines,23,92,51,,,,,Table,,,,,,,,
Medows,,,,Forest,37,151,47,Fields,25,242,175,Ocean,107,251,150,Swamp,,,,Mines,,,,,,,,Table,,,,,,,,
Medows,,,,Forest,45,160,42,Fields,25,246,176,Ocean,108,253,161,Swamp,,,,Mines,,,,,,,,Table,,,,,,,,
Medows,,,,Forest,,,,Fields,25,252,177,Ocean,108,255,168,Swamp,,,,Mines,,,,,,,,Table,,,,,,,,
Medows,,,,Forest,,,,Fields,25,252,178,Ocean,108,255,170,Swamp,,,,Mines,,,,,,,,Table,,,,,,,,
Medows,,,,Forest,,,,Fields,25,251,179,Ocean,107,252,167,Swamp,,,,Mines,,,,,,,,Table,,,,,,,,
Medows,,,,Forest,,,,Fields,,,,Ocean,,,,Swamp,,,,Mines,,,,,,,,Table,,,,,,,,
Medows,,,,Forest,,,,Fields,,,,Ocean,,,,Swamp,,,,Mines,,,,,,,,Table,,,,,,,,
Medows,,,,Forest,,,,Fields,,,,Ocean,,,,Swamp,,,,Mines,,,,,,,,Table,,,,,,,,
Medows,,,,Forest,,,,Fields,,,,Ocean,,,,Swamp,,,,Mines,,,,,,,,Table,,,,,,,,
Medows,,,,Forest,,,,Fields,,,,Ocean,,,,Swamp,,,,Mines,,,,,,,,Table,,,,,,,,
Medows,,,,Forest,,,,Fields,,,,Ocean,,,,Swamp,,,,Mines,,,,,,,,Table,,,,,,,,
Medows,,,,Forest,,,,Fields,,,,Ocean,,,,Swamp,,,,Mines,,,,,,,,Table,,,,,,,,
Medows,,,,Forest,,,,Fields,,,,Ocean,,,,Swamp,,,,Mines,,,,,,,,Table,,,,,,,,
Medows,41,213,114,Forest,48,178,36,Fields,25,253,164,Ocean,108,246,127,Swamp,21,125,79,Mines,24,64,35,,,,,Table,,,,,,,,
Medows,,,,Forest,51,157,44,Fields,25,255,166,Ocean,108,255,170,Swamp,23,39,98,Mines,,,,,,,,Table,,,,,,,,
Medows,,,,Forest,43,124,42,Fields,25,250,165,Ocean,108,251,157,Swamp,21,111,78,Mines,,,,,,,,Table,,,,,,,,
Medows,,,,Forest,50,123,44,Fields,25,253,165,Ocean,108,255,172,Swamp,21,80,80,Mines,,,,,,,,Table,,,,,,,,
Medows,,,,Forest,39,121,47,Fields,25,250,171,Ocean,,,,Swamp,20,111,84,Mines,,,,,,,,Table,,,,,,,,
Medows,,,,Forest,50,108,41,Fields,25,239,170,Ocean,,,,Swamp,23,56,95,Mines,,,,,,,,Table,,,,,,,,
Medows,,,,Forest,,,,Fields,,,,Ocean,,,,Swamp,,,,Mines,,,,,,,,Table,,,,,,,,
Medows,,,,Forest,,,,Fields,,,,Ocean,,,,Swamp,,,,Mines,,,,,,,,Table,,,,,,,,
Medows,,,,Forest,,,,Fields,,,,Ocean,,,,Swamp,,,,Mines,,,,,,,,Table,,,,,,,,
Medows,,,,Forest,,,,Fields,,,,Ocean,,,,Swamp,,,,Mines,,,,,,,,Table,,,,,,,,
Medows,,,,Forest,,,,Fields,,,,Ocean,,,,Swamp,,,,Mines,,,,,,,,Table,,,,,,,,
Medows,,,,Forest,,,,Fields,,,,Ocean,,,,Swamp,,,,Mines,,,,,,,,Table,,,,,,,,
Medows,,,,Forest,,,,Fields,,,,Ocean,,,,Swamp,,,,Mines,,,,,,,,Table,,,,,,,,
Medows,,,,Forest,,,,Fields,,,,Ocean,,,,Swamp,,,,Mines,,,,,,,,Table,,,,,,,,
Medows,,,,Forest,,,,Fields,,,,Ocean,,,,Swamp,,,,Mines,,,,,,,,Table,,,,,,,,
Medows,,,,Forest,51,122,37,Fields,25,232,160,Ocean,108,251,151,Swamp,22,75.5,82,Mines,24,81,37,,,,,Table,,,,,,,,
Medows,,,,Forest,46,122,36,Fields,25,236,172,Ocean,109,253,162,Swamp,,,,Mines,,,,,,,,Table,,,,,,,,
Medows,,,,Forest,40,74,47,Fields,25,234,171,Ocean,108,241,131,Swamp,,,,Mines,,,,,,,,Table,,,,,,,,
Medows,,,,Forest,60,80,38,Fields,25,242,172,Ocean,108,248,132,Swamp,,,,Mines,,,,,,,,Table,,,,,,,,
Medows,,,,Forest,58,83,37,Fields,25,252,175,Ocean,108,254,164,Swamp,,,,Mines,,,,,,,,Table,,,,,,,,
Medows,,,,Forest,58,88,42,Fields,25,251,177,Ocean,,,,Swamp,,,,Mines,,,,,,,,Table,,,,,,,,
Medows,,,,Forest,52,94,37,Fields,25,248,175,Ocean,,,,Swamp,,,,Mines,,,,,,,,Table,,,,,,,,
Medows,,,,Forest,38,136,42,Fields,25,244,171,Ocean,,,,Swamp,,,,Mines,,,,,,,,Table,,,,,,,,
Medows,,,,Forest,37.5,115,43,Fields,,,,Ocean,,,,Swamp,,,,Mines,,,,,,,,Table,,,,,,,,
Medows,,,,Forest,,,,Fields,,,,Ocean,,,,Swamp,,,,Mines,,,,,,,,Table,,,,,,,,
Medows,,,,Forest,,,,Fields,,,,Ocean,,,,Swamp,,,,Mines,,,,,,,,Table,,,,,,,,
Medows,,,,Forest,,,,Fields,,,,Ocean,,,,Swamp,,,,Mines,,,,,,,,Table,,,,,,,,
Medows,,,,Forest,,,,Fields,,,,Ocean,,,,Swamp,,,,Mines,,,,,,,,Table,,,,,,,,
Medows,,,,Forest,,,,Fields,,,,Ocean,,,,Swamp,,,,Mines,,,,,,,,Table,,,,,,,,
Medows,,,,Forest,,,,Fields,,,,Ocean,,,,Swamp,,,,Mines,,,,,,,,Table,,,,,,,,
Medows,41,215,129,Forest,35,153,52,Fields,25,248,171,Ocean,108,244,133,Swamp,20,128,91,Mines,22,39,28,,,,,Table,,,,,,,,
Medows,40,226,122,Forest,43,157,44,Fields,25,240,168,Ocean,109,253,138,Swamp,,,,Mines,25,45,26,,,,,Table,,,,,,,,
Medows,42,225,123,Forest,42,149,44,Fields,25,248,161,Ocean,,,,Swamp,,,,Mines,,,,,,,,Table,,,,,,,,
Medows,39,217,102,Forest,,,,Fields,25,244,154,Ocean,,,,Swamp,,,,Mines,,,,,,,,Table,,,,,,,,
Medows,42,241,118,Forest,,,,Fields,25,253,162,Ocean,,,,Swamp,,,,Mines,,,,,,,,Table,,,,,,,,
Medows,39,240,100,Forest,,,,Fields,,,,Ocean,,,,Swamp,,,,Mines,,,,,,,,Table,,,,,,,,
Medows,44,208,110,Forest,,,,Fields,,,,Ocean,,,,Swamp,,,,Mines,,,,,,,,Table,,,,,,,,
Medows,38,219,83,Forest,,,,Fields,,,,Ocean,,,,Swamp,,,,Mines,,,,,,,,Table,,,,,,,,
Medows,44,221,98,Forest,,,,Fields,,,,Ocean,,,,Swamp,,,,Mines,,,,,,,,Table,,,,,,,,
Medows,46,192,97,Forest,,,,Fields,,,,Ocean,,,,Swamp,,,,Mines,,,,,,,,Table,,,,,,,,
Medows,48,179,94,Forest,,,,Fields,,,,Ocean,,,,Swamp,,,,Mines,,,,,,,,Table,,,,,,,,
Medows,,,,Forest,,,,Fields,,,,Ocean,,,,Swamp,,,,Mines,,,,,,,,Table,,,,,,,,
Medows,,,,Forest,,,,Fields,,,,Ocean,,,,Swamp,,,,Mines,,,,,,,,Table,,,,,,,,
Medows,,,,Forest,,,,Fields,,,,Ocean,,,,Swamp,,,,Mines,,,,,,,,Table,,,,,,,,
Medows,,,,Forest,,,,Fields,,,,Ocean,,,,Swamp,,,,Mines,,,,,,,,Table,,,,,,,,
Medows,,,,Forest,,,,Fields,,,,Ocean,,,,Swamp,,,,Mines,,,,,,,,Table,,,,,,,,
Medows,,,,Forest,,,,Fields,,,,Ocean,,,,Swamp,,,,Mines,,,,,,,,Table,,,,,,,,
Medows,,,,Forest,,,,Fields,,,,Ocean,,,,Swamp,,,,Mines,,,,,,,,Table,,,,,,,,
Medows,,,,Forest,,,,Fields,,,,Ocean,,,,Swamp,,,,Mines,,,,,,,,Table,,,,,,,,
Medows,,,,Forest,,,,Fields,,,,Ocean,,,,Swamp,,,,Mines,,,,,,,,Table,,,,,,,,
Medows,,,,Forest,,,,Fields,,,,Ocean,,,,Swamp,,,,Mines,,,,,,,,Table,,,,,,,,
Medows,,,,Forest,,,,Fields,,,,Ocean,,,,Swamp,,,,Mines,,,,,,,,Table,,,,,,,,
Medows,,,,Forest,,,,Fields,,,,Ocean,,,,Swamp,,,,Mines,,,,,,,,Table,,,,,,,,
Medows,,,,Forest,,,,Fields,,,,Ocean,,,,Swamp,,,,Mines,,,,,,,,Table,,,,,,,,
Medows,,,,Forest,,,,Fields,,,,Ocean,,,,Swamp,,,,Mines,,,,,,,,Table,,,,,,,,
Medows,,,,Forest,,,,Fields,,,,Ocean,,,,Swamp,,,,Mines,,,,,,,,Table,,,,,,,,
Medows,,,,Forest,,,,Fields,,,,Ocean,,,,Swamp,,,,Mines,,,,,,,,Table,,,,,,,,
Medows,,,,Forest,,,,Fields,,,,Ocean,,,,Swamp,,,,Mines,,,,,,,,Table,,,,,,,,
Medows,,,,Forest,,,,Fields,,,,Ocean,,,,Swamp,,,,Mines,,,,,,,,Table,,,,,,,,
Medows,,,,Forest,,,,Fields,,,,Ocean,,,,Swamp,,,,Mines,,,,,,,,Table,,,,,,,,
Medows,,,,Forest,,,,Fields,,,,Ocean,,,,Swamp,,,,Mines,,,,,,,,Table,,,,,,,,
Medows,,,,Forest,,,,Fields,,,,Ocean,,,,Swamp,,,,Mines,,,,,,,,Table,,,,,,,,
Medows,,,,Forest,,,,Fields,,,,Ocean,,,,Swamp,,,,Mines,,,,,,,,Table,,,,,,,,
Medows,,,,Forest,,,,Fields,,,,Ocean,,,,Swamp,,,,Mines,,,,,,,,Table,,,,,,,,
Medows,,,,Forest,,,,Fields,,,,Ocean,,,,Swamp,,,,Mines,,,,,,,,Table,,,,,,,,
Medows,,,,Forest,,,,Fields,,,,Ocean,,,,Swamp,,,,Mines,,,,,,,,Table,,,,,,,,
Medows,,,,Forest,,,,Fields,,,,Ocean,,,,Swamp,,,,Mines,,,,,,,,Table,,,,,,,,
Medows,,,,Forest,,,,Fields,,,,Ocean,,,,Swamp,,,,Mines,,,,,,,,Table,,,,,,,,
Medows,,,,Forest,,,,Fields,,,,Ocean,,,,Swamp,,,,Mines,,,,,,,,Table,,,,,,,,
Medows,,,,Forest,,,,Fields,,,,Ocean,,,,Swamp,,,,Mines,,,,,,,,Table,,,,,,,,
Medows,,,,Forest,,,,Fields,,,,Ocean,,,,Swamp,,,,Mines,,,,,,,,Table,,,,,,,,
Medows,,,,Forest,,,,Fields,,,,Ocean,,,,Swamp,,,,Mines,,,,,,,,Table,,,,,,,,
Medows,,,,Forest,,,,Fields,,,,Ocean,,,,Swamp,,,,Mines,,,,,,,,Table,,,,,,,,
Medows,,,,Forest,,,,Fields,,,,Ocean,,,,Swamp,,,,Mines,,,,,,,,Table,,,,,,,,
Medows,,,,Forest,,,,Fields,,,,Ocean,,,,Swamp,,,,Mines,,,,,,,,Table,,,,,,,,
Medows,,,,Forest,,,,Fields,,,,Ocean,,,,Swamp,,,,Mines,,,,,,,,Table,,,,,,,,
Medows,,,,Forest,,,,Fields,,,,Ocean,,,,Swamp,,,,Mines,,,,,,,,Table,,,,,,,,
Medows,,,,Forest,,,,Fields,,,,Ocean,,,,Swamp,,,,Mines,,,,,,,,Table,,,,,,,,
Medows,,,,Forest,,,,Fields,,,,Ocean,,,,Swamp,,,,Mines,,,,,,,,Table,,,,,,,,
Medows,,,,Forest,,,,Fields,,,,Ocean,,,,Swamp,,,,Mines,,,,,,,,Table,,,,,,,,
Medows,,,,Forest,,,,Fields,,,,Ocean,,,,Swamp,,,,Mines,,,,,,,,Table,,,,,,,,
Medows,,,,Forest,,,,Fields,,,,Ocean,,,,Swamp,,,,Mines,,,,,,,,Table,,,,,,,,
Medows,,,,Forest,,,,Fields,,,,Ocean,,,,Swamp,,,,Mines,,,,,,,,Table,,,,,,,,
Medows,,,,Forest,,,,Fields,,,,Ocean,,,,Swamp,,,,Mines,,,,,,,,Table,,,,,,,,
Medows,,,,Forest,,,,Fields,,,,Ocean,,,,Swamp,,,,Mines,,,,,,,,Table,,,,,,,,
Medows,,,,Forest,,,,Fields,,,,Ocean,,,,Swamp,,,,Mines,,,,,,,,Table,,,,,,,,
Medows,,,,Forest,,,,Fields,,,,Ocean,,,,Swamp,,,,Mines,,,,,,,,Table,,,,,,,,
Medows,,,,Forest,,,,Fields,,,,Ocean,,,,Swamp,,,,Mines,,,,,,,,Table,,,,,,,,
Medows,,,,Forest,,,,Fields,,,,Ocean,,,,Swamp,,,,Mines,,,,,,,,Table,,,,,,,,
Medows,,,,Forest,,,,Fields,,,,Ocean,,,,Swamp,,,,Mines,,,,,,,,Table,,,,,,,,
Medows,,,,Forest,,,,Fields,,,,Ocean,,,,Swamp,,,,Mines,,,,,,,,Table,,,,,,,,
Medows,,,,Forest,,,,Fields,,,,Ocean,,,,Swamp,,,,Mines,,,,,,,,Table,,,,,,,,
Medows,,,,Forest,,,,Fields,,,,Ocean,,,,Swamp,,,,Mines,,,,,,,,Table,,,,,,,,
Medows,,,,Forest,,,,Fields,,,,Ocean,,,,Swamp,,,,Mines,,,,,,,,Table,,,,,,,,
Medows,,,,Forest,,,,Fields,,,,Ocean,,,,Swamp,,,,Mines,,,,,,,,Table,,,,,,,,
Medows,,,,Forest,,,,Fields,,,,Ocean,,,,Swamp,,,,Mines,,,,,,,,Table,,,,,,,,
Medows,,,,Forest,,,,Fields,,,,Ocean,,,,Swamp,,,,Mines,,,,,,,,Table,,,,,,,,
Medows,,,,Forest,,,,Fields,,,,Ocean,,,,Swamp,,,,Mines,,,,,,,,Table,,,,,,,,
Medows,,,,Forest,,,,Fields,,,,Ocean,,,,Swamp,,,,Mines,,,,,,,,Table,,,,,,,,
Medows,,,,Forest,,,,Fields,,,,Ocean,,,,Swamp,,,,Mines,,,,,,,,Table,,,,,,,,
Medows,,,,Forest,,,,Fields,,,,Ocean,,,,Swamp,,,,Mines,,,,,,,,Table,,,,,,,,
Medows,,,,Forest,,,,Fields,,,,Ocean,,,,Swamp,,,,Mines,,,,,,,,Table,,,,,,,,
Medows,,,,Forest,,,,Fields,,,,Ocean,,,,Swamp,,,,Mines,,,,,,,,Table,,,,,,,,
Medows,,,,Forest,,,,Fields,,,,Ocean,,,,Swamp,,,,Mines,,,,,,,,Table,,,,,,,,
Medows,,,,Forest,,,,Fields,,,,Ocean,,,,Swamp,,,,Mines,,,,,,,,Table,,,,,,,,
Medows,,,,Forest,,,,Fields,,,,Ocean,,,,Swamp,,,,Mines,,,,,,,,Table,,,,,,,,
Medows,,,,Forest,,,,Fields,,,,Ocean,,,,Swamp,,,,Mines,,,,,,,,Table,,,,,,,,
Medows,,,,Forest,,,,Fields,,,,Ocean,,,,Swamp,,,,Mines,,,,,,,,Table,,,,,,,,
Medows,,,,Forest,,,,Fields,,,,Ocean,,,,Swamp,,,,Mines,,,,,,,,Table,,,,,,,,
Medows,,,,Forest,,,,Fields,,,,Ocean,,,,Swamp,,,,Mines,,,,,,,,Table,,,,,,,,
Medows,,,,Forest,,,,Fields,,,,Ocean,,,,Swamp,,,,Mines,,,,,,,,Table,,,,,,,,
Medows,,,,Forest,,,,Fields,,,,Ocean,,,,Swamp,,,,Mines,,,,,,,,Table,,,,,,,,
Medows,,,,Forest,,,,Fields,,,,Ocean,,,,Swamp,,,,Mines,,,,,,,,Table,,,,,,,,
Medows,,,,Forest,,,,Fields,,,,Ocean,,,,Swamp,,,,Mines,,,,,,,,Table,,,,,,,,
Medows,,,,Forest,,,,Fields,,,,Ocean,,,,Swamp,,,,Mines,,,,,,,,Table,,,,,,,,
Medows,,,,Forest,,,,Fields,,,,Ocean,,,,Swamp,,,,Mines,,,,,,,,Table,,,,,,,,
Medows,,,,Forest,,,,Fields,,,,Ocean,,,,Swamp,,,,Mines,,,,,,,,Table,,,,,,,,
Medows,,,,Forest,,,,Fields,,,,Ocean,,,,Swamp,,,,Mines,,,,,,,,Table,,,,,,,,
Medows,,,,Forest,,,,Fields,,,,Ocean,,,,Swamp,,,,Mines,,,,,,,,Table,,,,,,,,
Medows,,,,Forest,,,,Fields,,,,Ocean,,,,Swamp,,,,Mines,,,,,,,,Table,,,,,,,,
Medows,,,,Forest,,,,Fields,,,,Ocean,,,,Swamp,,,,Mines,,,,,,,,Table,,,,,,,,
Medows,,,,Forest,,,,Fields,,,,Ocean,,,,Swamp,,,,Mines,,,,,,,,Table,,,,,,,,
Medows,,,,Forest,,,,Fields,,,,Ocean,,,,Swamp,,,,Mines,,,,,,,,Table,,,,,,,,
Medows,,,,Forest,,,,Fields,,,,Ocean,,,,Swamp,,,,Mines,,,,,,,,Table,,,,,,,,
Medows,,,,Forest,,,,Fields,,,,Ocean,,,,Swamp,,,,Mines,,,,,,,,Table,,,,,,,,
Medows,,,,Forest,,,,Fields,,,,Ocean,,,,Swamp,,,,Mines,,,,,,,,Table,,,,,,,,
Medows,,,,Forest,,,,Fields,,,,Ocean,,,,Swamp,,,,Mines,,,,,,,,Table,,,,,,,,
Medows,,,,Forest,,,,Fields,,,,Ocean,,,,Swamp,,,,Mines,,,,,,,,Table,,,,,,,,
Medows,,,,Forest,,,,Fields,,,,Ocean,,,,Swamp,,,,Mines,,,,,,,,Table,,,,,,,,
Medows,,,,Forest,,,,Fields,,,,Ocean,,,,Swamp,,,,Mines,,,,,,,,Table,,,,,,,,
Medows,,,,Forest,,,,Fields,,,,Ocean,,,,Swamp,,,,Mines,,,,,,,,Table,,,,,,,,
Medows,,,,Forest,,,,Fields,,,,Ocean,,,,Swamp,,,,Mines,,,,,,,,Table,,,,,,,,
Medows,,,,Forest,,,,Fields,,,,Ocean,,,,Swamp,,,,Mines,,,,,,,,Table,,,,,,,,
Medows,,,,Forest,,,,Fields,,,,Ocean,,,,Swamp,,,,Mines,,,,,,,,Table,,,,,,,,
Medows,,,,Forest,,,,Fields,,,,Ocean,,,,Swamp,,,,Mines,,,,,,,,Table,,,,,,,,
Medows,,,,Forest,,,,Fields,,,,Ocean,,,,Swamp,,,,Mines,,,,,,,,Table,,,,,,,,
Medows,,,,Forest,,,,Fields,,,,Ocean,,,,Swamp,,,,Mines,,,,,,,,Table,,,,,,,,
Medows,,,,Forest,,,,Fields,,,,Ocean,,,,Swamp,,,,Mines,,,,,,,,Table,,,,,,,,
Medows,,,,Forest,,,,Fields,,,,Ocean,,,,Swamp,,,,Mines,,,,,,,,Table,,,,,,,,
Medows,,,,Forest,,,,Fields,,,,Ocean,,,,Swamp,,,,Mines,,,,,,,,Table,,,,,,,,
Medows,,,,Forest,,,,Fields,,,,Ocean,,,,Swamp,,,,Mines,,,,,,,,Table,,,,,,,,
Medows,,,,Forest,,,,Fields,,,,Ocean,,,,Swamp,,,,Mines,,,,,,,,Table,,,,,,,,
Medows,,,,Forest,,,,Fields,,,,Ocean,,,,Swamp,,,,Mines,,,,,,,,Table,,,,,,,,
Medows,,,,Forest,,,,Fields,,,,Ocean,,,,Swamp,,,,Mines,,,,,,,,Table,,,,,,,,
Medows,,,,Forest,,,,Fields,,,,Ocean,,,,Swamp,,,,Mines,,,,,,,,Table,,,,,,,,
Medows,,,,Forest,,,,Fields,,,,Ocean,,,,Swamp,,,,Mines,,,,,,,,Table,,,,,,,,
Medows,,,,Forest,,,,Fields,,,,Ocean,,,,Swamp,,,,Mines,,,,,,,,Table,,,,,,,,
Medows,,,,Forest,,,,Fields,,,,Ocean,,,,Swamp,,,,Mines,,,,,,,,Table,,,,,,,,
Medows,,,,Forest,,,,Fields,,,,Ocean,,,,Swamp,,,,Mines,,,,,,,,Table,,,,,,,,
Medows,,,,Forest,,,,Fields,,,,Ocean,,,,Swamp,,,,Mines,,,,,,,,Table,,,,,,,,
Medows,41,197,113,Forest,39,120,52,Fields,26,231,179,Ocean,107,246,147,Swamp,21,108,95,Mines,27,61,32,,,,,Table,,,,,,,,
Medows,45,192,133,Forest,55,95,54,Fields,26,240,181,Ocean,108,249,144,Swamp,,,,Mines,,,,,,,,Table,,,,,,,,
Medows,44,195,134,Forest,50,132,49,Fields,25,227,173,Ocean,108,250,150,Swamp,,,,Mines,,,,,,,,Table,,,,,,,,
Medows,46,195,139,Forest,48,124,44,Fields,26,245,186,Ocean,107,254,181,Swamp,,,,Mines,,,,,,,,Table,,,,,,,,
Medows,39,217,125,Forest,,,,Fields,26,233,174,Ocean,,,,Swamp,,,,Mines,,,,,,,,Table,,,,,,,,
Medows,43,219,133,Forest,,,,Fields,26,241,169,Ocean,,,,Swamp,,,,Mines,,,,,,,,Table,,,,,,,,
Medows,39,195,120,Forest,,,,Fields,,,,Ocean,,,,Swamp,,,,Mines,,,,,,,,Table,,,,,,,,
Medows,46,193,131,Forest,,,,Fields,,,,Ocean,,,,Swamp,,,,Mines,,,,,,,,Table,,,,,,,,
Medows,,,,Forest,,,,Fields,,,,Ocean,,,,Swamp,,,,Mines,,,,,,,,Table,,,,,,,,
Medows,,,,Forest,,,,Fields,,,,Ocean,,,,Swamp,,,,Mines,,,,,,,,Table,,,,,,,,
Medows,,,,Forest,,,,Fields,,,,Ocean,,,,Swamp,,,,Mines,,,,,,,,Table,,,,,,,,
Medows,,,,Forest,,,,Fields,,,,Ocean,,,,Swamp,,,,Mines,,,,,,,,Table,,,,,,,,
Medows,,,,Forest,,,,Fields,,,,Ocean,,,,Swamp,,,,Mines,,,,,,,,Table,,,,,,,,
Medows,,,,Forest,,,,Fields,,,,Ocean,,,,Swamp,,,,Mines,,,,,,,,Table,,,,,,,,
Medows,,,,Forest,,,,Fields,,,,Ocean,,,,Swamp,,,,Mines,,,,,,,,Table,,,,,,,,
Medows,,,,Forest,40,129,35,Fields,24,254,183,Ocean,106,245,119,Swamp,19,178,93,Mines,20,123,57,,,,,Table,,,,,,,,
Medows,,,,Forest,36,170,41,Fields,24,254,185,Ocean,107,253,151,Swamp,19,98,120,Mines,21,155,71,,,,,Table,,,,,,,,
Medows,,,,Forest,30,193,51,Fields,23,250,185,Ocean,107,253,153,Swamp,19,145,101,Mines,,,,,,,,Table,,,,,,,,
Medows,,,,Forest,35,201,42,Fields,23,250,191,Ocean,106,250,136,Swamp,19,180,104,Mines,,,,,,,,Table,,,,,,,,
Medows,,,,Forest,32,159,54,Fields,,,,Ocean,106,253,153,Swamp,20,137,114,Mines,,,,,,,,Table,,,,,,,,
Medows,,,,Forest,,,,Fields,,,,Ocean,106,255,154,Swamp,,,,Mines,,,,,,,,Table,,,,,,,,
Medows,,,,Forest,,,,Fields,,,,Ocean,107,253,154,Swamp,,,,Mines,,,,,,,,Table,,,,,,,,
Medows,,,,Forest,,,,Fields,,,,Ocean,107,248,124,Swamp,,,,Mines,,,,,,,,Table,,,,,,,,
Medows,,,,Forest,,,,Fields,,,,Ocean,,,,Swamp,,,,Mines,,,,,,,,Table,,,,,,,,
Medows,,,,Forest,,,,Fields,,,,Ocean,,,,Swamp,,,,Mines,,,,,,,,Table,,,,,,,,
Medows,,,,Forest,,,,Fields,,,,Ocean,,,,Swamp,,,,Mines,,,,,,,,Table,,,,,,,,
Medows,,,,Forest,,,,Fields,,,,Ocean,,,,Swamp,,,,Mines,,,,,,,,Table,,,,,,,,
Medows,,,,Forest,,,,Fields,,,,Ocean,,,,Swamp,,,,Mines,,,,,,,,Table,,,,,,,,
Medows,,,,Forest,,,,Fields,,,,Ocean,,,,Swamp,,,,Mines,,,,,,,,Table,,,,,,,,
Medows,,,,Forest,,,,Fields,,,,Ocean,,,,Swamp,,,,Mines,,,,,,,,Table,,,,,,,,
Medows,38,248,107,Forest,31,204,39,Fields,23,254,177,Ocean,108,253,141,Swamp,19,155,89,Mines,,,,,,,,Table,,,,,,,,
Medows,40,246,104,Forest,37,223,33,Fields,23,246,168,Ocean,106,252,150,Swamp,19,155,87,Mines,,,,,,,,Table,,,,,,,,
Medows,38,233,114,Forest,40,157,38,Fields,23,241,179,Ocean,107,249,133,Swamp,,,,Mines,,,,,,,,Table,,,,,,,,
Medows,39,246,113,Forest,,,,Fields,23,245,166,Ocean,,,,Swamp,,,,Mines,,,,,,,,Table,,,,,,,,
Medows,35,239,98,Forest,,,,Fields,,,,Ocean,,,,Swamp,,,,Mines,,,,,,,,Table,,,,,,,,
Medows,39,236,114,Forest,,,,Fields,,,,Ocean,,,,Swamp,,,,Mines,,,,,,,,Table,,,,,,,,
Medows,37,244,105,Forest,,,,Fields,,,,Ocean,,,,Swamp,,,,Mines,,,,,,,,Table,,,,,,,,
Medows,38,237,109,Forest,,,,Fields,,,,Ocean,,,,Swamp,,,,Mines,,,,,,,,Table,,,,,,,,
Medows,37,229,117,Forest,,,,Fields,,,,Ocean,,,,Swamp,,,,Mines,,,,,,,,Table,,,,,,,,
Medows,39,199,111,Forest,,,,Fields,,,,Ocean,,,,Swamp,,,,Mines,,,,,,,,Table,,,,,,,,
Medows,38,241,113,Forest,,,,Fields,,,,Ocean,,,,Swamp,,,,Mines,,,,,,,,Table,,,,,,,,
Medows,34,195,104,Forest,,,,Fields,,,,Ocean,,,,Swamp,,,,Mines,,,,,,,,Table,,,,,,,,
Medows,,,,Forest,,,,Fields,,,,Ocean,,,,Swamp,,,,Mines,,,,,,,,Table,,,,,,,,
Medows,,,,Forest,,,,Fields,,,,Ocean,,,,Swamp,,,,Mines,,,,,,,,Table,,,,,,,,
Medows,,,,Forest,,,,Fields,,,,Ocean,,,,Swamp,,,,Mines,,,,,,,,Table,,,,,,,,
Medows,,,,Forest,,,,Fields,,,,Ocean,,,,Swamp,,,,Mines,,,,,,,,Table,,,,,,,,
Medows,,,,Forest,,,,Fields,,,,Ocean,,,,Swamp,,,,Mines,,,,,,,,Table,,,,,,,,
Medows,,,,Forest,,,,Fields,,,,Ocean,,,,Swamp,,,,Mines,,,,,,,,Table,,,,,,,,
Medows,,,,Forest,,,,Fields,,,,Ocean,,,,Swamp,,,,Mines,,,,,,,,Table,,,,,,,,
Medows,,,,Forest,,,,Fields,,,,Ocean,,,,Swamp,,,,Mines,,,,,,,,Table,,,,,,,,
Medows,,,,Forest,,,,Fields,,,,Ocean,,,,Swamp,,,,Mines,,,,,,,,Table,,,,,,,,
Medows,,,,Forest,,,,Fields,,,,Ocean,,,,Swamp,,,,Mines,,,,,,,,Table,,,,,,,,
Medows,,,,Forest,,,,Fields,,,,Ocean,,,,Swamp,,,,Mines,,,,,,,,Table,,,,,,,,
Medows,,,,Forest,,,,Fields,,,,Ocean,,,,Swamp,,,,Mines,,,,,,,,Table,,,,,,,,
Medows,,,,Forest,,,,Fields,,,,Ocean,,,,Swamp,,,,Mines,,,,,,,,Table,,,,,,,,
Medows,,,,Forest,,,,Fields,,,,Ocean,,,,Swamp,,,,Mines,,,,,,,,Table,,,,,,,,
Medows,,,,Forest,,,,Fields,,,,Ocean,,,,Swamp,,,,Mines,,,,,,,,Table,,,,,,,,
Medows,,,,Forest,,,,Fields,,,,Ocean,,,,Swamp,,,,Mines,,,,,,,,Table,,,,,,,,
Medows,,,,Forest,,,,Fields,,,,Ocean,,,,Swamp,,,,Mines,,,,,,,,Table,,,,,,,,
Medows,,,,Forest,,,,Fields,,,,Ocean,,,,Swamp,,,,Mines,,,,,,,,Table,,,,,,,,
Medows,,,,Forest,,,,Fields,,,,Ocean,,,,Swamp,,,,Mines,,,,,,,,Table,,,,,,,,
Medows,,,,Forest,,,,Fields,,,,Ocean,,,,Swamp,,,,Mines,,,,,,,,Table,,,,,,,,
Medows,,,,Forest,,,,Fields,,,,Ocean,,,,Swamp,,,,Mines,,,,,,,,Table,,,,,,,,
Medows,,,,Forest,,,,Fields,,,,Ocean,,,,Swamp,,,,Mines,,,,,,,,Table,,,,,,,,
Medows,,,,Forest,,,,Fields,,,,Ocean,,,,Swamp,,,,Mines,,,,,,,,Table,,,,,,,,
Medows,,,,Forest,,,,Fields,,,,Ocean,,,,Swamp,,,,Mines,,,,,,,,Table,,,,,,,,
Medows,,,,Forest,,,,Fields,,,,Ocean,,,,Swamp,,,,Mines,,,,,,,,Table,,,,,,,,
Medows,,,,Forest,,,,Fields,,,,Ocean,,,,Swamp,,,,Mines,,,,,,,,Table,,,,,,,,
Medows,,,,Forest,,,,Fields,,,,Ocean,,,,Swamp,,,,Mines,,,,,,,,Table,,,,,,,,
Medows,,,,Forest,,,,Fields,,,,Ocean,,,,Swamp,,,,Mines,,,,,,,,Table,,,,,,,,
Medows,,,,Forest,,,,Fields,,,,Ocean,,,,Swamp,,,,Mines,,,,,,,,Table,,,,,,,,
Medows,,,,Forest,,,,Fields,,,,Ocean,,,,Swamp,,,,Mines,,,,,,,,Table,,,,,,,,
Medows,,,,Forest,,,,Fields,,,,Ocean,,,,Swamp,,,,Mines,,,,,,,,Table,,,,,,,,
Medows,,,,Forest,,,,Fields,,,,Ocean,,,,Swamp,,,,Mines,,,,,,,,Table,,,,,,,,
Medows,,,,Forest,,,,Fields,,,,Ocean,,,,Swamp,,,,Mines,,,,,,,,Table,,,,,,,,
Medows,,,,Forest,,,,Fields,,,,Ocean,,,,Swamp,,,,Mines,,,,,,,,Table,,,,,,,,
Medows,,,,Forest,,,,Fields,,,,Ocean,,,,Swamp,,,,Mines,,,,,,,,Table,,,,,,,,
Medows,,,,Forest,,,,Fields,,,,Ocean,,,,Swamp,,,,Mines,,,,,,,,Table,,,,,,,,
Medows,,,,Forest,,,,Fields,,,,Ocean,,,,Swamp,,,,Mines,,,,,,,,Table,,,,,,,,
Medows,,,,Forest,,,,Fields,,,,Ocean,,,,Swamp,,,,Mines,,,,,,,,Table,,,,,,,,
Medows,,,,Forest,,,,Fields,,,,Ocean,,,,Swamp,,,,Mines,,,,,,,,Table,,,,,,,,
Medows,,,,Forest,,,,Fields,,,,Ocean,,,,Swamp,,,,Mines,,,,,,,,Table,,,,,,,,
Medows,,,,Forest,,,,Fields,,,,Ocean,,,,Swamp,,,,Mines,,,,,,,,Table,,,,,,,,
Medows,,,,Forest,,,,Fields,,,,Ocean,,,,Swamp,,,,Mines,,,,,,,,Table,,,,,,,,
Medows,,,,Forest,,,,Fields,,,,Ocean,,,,Swamp,,,,Mines,,,,,,,,Table,,,,,,,,
Medows,,,,Forest,,,,Fields,,,,Ocean,,,,Swamp,,,,Mines,,,,,,,,Table,,,,,,,,
Medows,,,,Forest,,,,Fields,,,,Ocean,,,,Swamp,,,,Mines,,,,,,,,Table,,,,,,,,
Medows,,,,Forest,,,,Fields,,,,Ocean,,,,Swamp,,,,Mines,,,,,,,,Table,,,,,,,,
Medows,,,,Forest,,,,Fields,,,,Ocean,,,,Swamp,,,,Mines,,,,,,,,Table,,,,,,,,
Medows,,,,Forest,,,,Fields,,,,Ocean,,,,Swamp,,,,Mines,,,,,,,,Table,,,,,,,,
Medows,,,,Forest,,,,Fields,,,,Ocean,,,,Swamp,,,,Mines,,,,,,,,Table,,,,,,,,
Medows,,,,Forest,,,,Fields,,,,Ocean,,,,Swamp,,,,Mines,,,,,,,,Table,,,,,,,,
Medows,,,,Forest,,,,Fields,,,,Ocean,,,,Swamp,,,,Mines,,,,,,,,Table,,,,,,,,
Medows,,,,Forest,,,,Fields,,,,Ocean,,,,Swamp,,,,Mines,,,,,,,,Table,,,,,,,,
Medows,,,,Forest,,,,Fields,,,,Ocean,,,,Swamp,,,,Mines,,,,,,,,Table,,,,,,,,
Medows,,,,Forest,,,,Fields,,,,Ocean,,,,Swamp,,,,Mines,,,,,,,,Table,,,,,,,,
Medows,,,,Forest,,,,Fields,,,,Ocean,,,,Swamp,,,,Mines,,,,,,,,Table,,,,,,,,
Medows,,,,Forest,,,,Fields,,,,Ocean,,,,Swamp,,,,Mines,,,,,,,,Table,,,,,,,,
Medows,,,,Forest,,,,Fields,,,,Ocean,,,,Swamp,,,,Mines,,,,,,,,Table,,,,,,,,
Medows,,,,Forest,,,,Fields,,,,Ocean,,,,Swamp,,,,Mines,,,,,,,,Table,,,,,,,,
Medows,,,,Forest,,,,Fields,,,,Ocean,,,,Swamp,,,,Mines,,,,,,,,Table,,,,,,,,
Medows,,,,Forest,,,,Fields,,,,Ocean,,,,Swamp,,,,Mines,,,,,,,,Table,,,,,,,,
Medows,,,,Forest,,,,Fields,,,,Ocean,,,,Swamp,,,,Mines,,,,,,,,Table,,,,,,,,
Medows,,,,Forest,,,,Fields,,,,Ocean,,,,Swamp,,,,Mines,,,,,,,,Table,,,,,,,,
Medows,,,,Forest,,,,Fields,,,,Ocean,,,,Swamp,,,,Mines,,,,,,,,Table,,,,,,,,
Medows,,,,Forest,,,,Fields,,,,Ocean,,,,Swamp,,,,Mines,,,,,,,,Table,,,,,,,,
Medows,,,,Forest,,,,Fields,,,,Ocean,,,,Swamp,,,,Mines,,,,,,,,Table,,,,,,,,
Medows,,,,Forest,,,,Fields,,,,Ocean,,,,Swamp,,,,Mines,,,,,,,,Table,,,,,,,,
Medows,,,,Forest,,,,Fields,,,,Ocean,,,,Swamp,,,,Mines,,,,,,,,Table,,,,,,,,
Medows,,,,Forest,,,,Fields,,,,Ocean,,,,Swamp,,,,Mines,,,,,,,,Table,,,,,,,,
Medows,,,,Forest,,,,Fields,,,,Ocean,,,,Swamp,,,,Mines,,,,,,,,Table,,,,,,,,
Medows,,,,Forest,,,,Fields,,,,Ocean,,,,Swamp,,,,Mines,,,,,,,,Table,,,,,,,,
Medows,,,,Forest,,,,Fields,,,,Ocean,,,,Swamp,,,,Mines,,,,,,,,Table,,,,,,,,
Medows,,,,Forest,,,,Fields,,,,Ocean,,,,Swamp,,,,Mines,,,,,,,,Table,,,,,,,,
Medows,,,,Forest,,,,Fields,,,,Ocean,,,,Swamp,,,,Mines,,,,,,,,Table,,,,,,,,
Medows,,,,Forest,,,,Fields,,,,Ocean,,,,Swamp,,,,Mines,,,,,,,,Table,,,,,,,,
Medows,,,,Forest,,,,Fields,,,,Ocean,,,,Swamp,,,,Mines,,,,,,,,Table,,,,,,,,
Medows,,,,Forest,,,,Fields,,,,Ocean,,,,Swamp,,,,Mines,,,,,,,,Table,,,,,,,,
Medows,,,,Forest,,,,Fields,,,,Ocean,,,,Swamp,,,,Mines,,,,,,,,Table,,,,,,,,
Medows,,,,Forest,,,,Fields,,,,Ocean,,,,Swamp,,,,Mines,,,,,,,,Table,,,,,,,,
Medows,,,,Forest,,,,Fields,,,,Ocean,,,,Swamp,,,,Mines,,,,,,,,Table,,,,,,,,
Medows,,,,Forest,,,,Fields,,,,Ocean,,,,Swamp,,,,Mines,,,,,,,,Table,,,,,,,,
Medows,,,,Forest,,,,Fields,,,,Ocean,,,,Swamp,,,,Mines,,,,,,,,Table,,,,,,,,
Medows,,,,Forest,,,,Fields,,,,Ocean,,,,Swamp,,,,Mines,,,,,,,,Table,,,,,,,,
Medows,,,,Forest,,,,Fields,,,,Ocean,,,,Swamp,,,,Mines,,,,,,,,Table,,,,,,,,
Medows,,,,Forest,,,,Fields,,,,Ocean,,,,Swamp,,,,Mines,,,,,,,,Table,,,,,,,,
Medows,,,,Forest,,,,Fields,,,,Ocean,,,,Swamp,,,,Mines,,,,,,,,Table,,,,,,,,
Medows,,,,Forest,,,,Fields,,,,Ocean,,,,Swamp,,,,Mines,,,,,,,,Table,,,,,,,,
Medows,,,,Forest,,,,Fields,,,,Ocean,,,,Swamp,,,,Mines,,,,,,,,Table,,,,,,,,
Medows,,,,Forest,,,,Fields,,,,Ocean,,,,Swamp,,,,Mines,,,,,,,,Table,,,,,,,,
Medows,,,,Forest,,,,Fields,,,,Ocean,,,,Swamp,,,,Mines,,,,,,,,Table,,,,,,,,
Medows,,,,Forest,,,,Fields,,,,Ocean,,,,Swamp,,,,Mines,,,,,,,,Table,,,,,,,,
Medows,,,,Forest,,,,Fields,,,,Ocean,,,,Swamp,,,,Mines,,,,,,,,Table,,,,,,,,
Medows,,,,Forest,,,,Fields,,,,Ocean,,,,Swamp,,,,Mines,,,,,,,,Table,,,,,,,,
Medows,,,,Forest,,,,Fields,,,,Ocean,,,,Swamp,,,,Mines,,,,,,,,Table,,,,,,,,
Medows,,,,Forest,,,,Fields,,,,Ocean,,,,Swamp,,,,Mines,,,,,,,,Table,,,,,,,,
Medows,,,,Forest,,,,Fields,,,,Ocean,,,,Swamp,,,,Mines,,,,,,,,Table,,,,,,,,
Medows,,,,Forest,,,,Fields,,,,Ocean,,,,Swamp,,,,Mines,,,,,,,,Table,,,,,,,,
Medows,,,,Forest,,,,Fields,,,,Ocean,,,,Swamp,,,,Mines,,,,,,,,Table,,,,,,,,
Medows,,,,Forest,,,,Fields,,,,Ocean,,,,Swamp,,,,Mines,,,,,,,,Table,,,,,,,,
Medows,,,,Forest,,,,Fields,,,,Ocean,,,,Swamp,,,,Mines,,,,,,,,Table,,,,,,,,
Medows,,,,Forest,,,,Fields,,,,Ocean,,,,Swamp,,,,Mines,,,,,,,,Table,,,,,,,,
Medows,,,,Forest,,,,Fields,,,,Ocean,,,,Swamp,,,,Mines,,,,,,,,Table,,,,,,,,
Medows,,,,Forest,,,,Fields,,,,Ocean,,,,Swamp,,,,Mines,,,,,,,,Table,,,,,,,,
Medows,,,,Forest,,,,Fields,,,,Ocean,,,,Swamp,,,,Mines,,,,,,,,Table,,,,,,,,
Medows,,,,Forest,,,,Fields,,,,Ocean,,,,Swamp,,,,Mines,,,,,,,,Table,,,,,,,,
Medows,,,,Forest,,,,Fields,,,,Ocean,,,,Swamp,,,,Mines,,,,,,,,Table,,,,,,,,
Medows,,,,Forest,,,,Fields,,,,Ocean,,,,Swamp,,,,Mines,,,,,,,,Table,,,,,,,,
Medows,,,,Forest,,,,Fields,,,,Ocean,,,,Swamp,,,,Mines,,,,,,,,Table,,,,,,,,
Medows,,,,Forest,,,,Fields,,,,Ocean,,,,Swamp,,,,Mines,,,,,,,,Table,,,,,,,,
Medows,40,231,119,Forest,34,186,46,Fields,24,248,181,Ocean,108,253,140,Swamp,19,54,116,Mines,,,,,,,,Table,,,,,,,,
Medows,39,226,122,Forest,42,172,39,Fields,23,244,175,Ocean,26,42,109,Swamp,,,,Mines,,,,,,,,Table,,,,,,,,
Medows,39,220,118,Forest,,,,Fields,23,227,182,Ocean,107,248,125,Swamp,,,,Mines,,,,,,,,Table,,,,,,,,
Medows,39,232,115,Forest,,,,Fields,24,245,185,Ocean,106,252,162,Swamp,,,,Mines,,,,,,,,Table,,,,,,,,
Medows,38,214,115,Forest,,,,Fields,24,239,187,Ocean,,,,Swamp,,,,Mines,,,,,,,,Table,,,,,,,,
Medows,35,219,108,Forest,,,,Fields,23,226,185,Ocean,,,,Swamp,,,,Mines,,,,,,,,Table,,,,,,,,
Medows,38,178,106,Forest,,,,Fields,,,,Ocean,,,,Swamp,,,,Mines,,,,,,,,Table,,,,,,,,
Medows,37,209,112,Forest,,,,Fields,,,,Ocean,,,,Swamp,,,,Mines,,,,,,,,Table,,,,,,,,
Medows,36,171,117,Forest,,,,Fields,,,,Ocean,,,,Swamp,,,,Mines,,,,,,,,Table,,,,,,,,
Medows,43,195,128,Forest,,,,Fields,,,,Ocean,,,,Swamp,,,,Mines,,,,,,,,Table,,,,,,,,
Medows,41,176,134,Forest,,,,Fields,,,,Ocean,,,,Swamp,,,,Mines,,,,,,,,Table,,,,,,,,
Medows,42,160,123,Forest,,,,Fields,,,,Ocean,,,,Swamp,,,,Mines,,,,,,,,Table,,,,,,,,
Medows,,,,Forest,,,,Fields,,,,Ocean,,,,Swamp,,,,Mines,,,,,,,,Table,,,,,,,,
Medows,,,,Forest,,,,Fields,,,,Ocean,,,,Swamp,,,,Mines,,,,,,,,Table,,,,,,,,
Medows,,,,Forest,,,,Fields,,,,Ocean,,,,Swamp,,,,Mines,,,,,,,,Table,,,,,,,,
Medows,37,213,125,Forest,,,,Fields,23,225,180,Ocean,,,,Swamp,18,102,121,Mines,21,51,34,,,,,Table,,,,,,,,
Medows,38,231,124,Forest,,,,Fields,23,222,190,Ocean,,,,Swamp,18,123,113,Mines,20,91,52,,,,,Table,,,,,,,,
Medows,,,,Forest,,,,Fields,23,229,188,Ocean,,,,Swamp,18,142,99,Mines,20,73,30,,,,,Table,,,,,,,,
Medows,,,,Forest,,,,Fields,23,240,185,Ocean,,,,Swamp,19,132,106,Mines,21,58,35,,,,,Table,,,,,,,,
Medows,,,,Forest,,,,Fields,23,226,170,Ocean,,,,Swamp,19,120,119,Mines,20,67,36,,,,,Table,,,,,,,,
Medows,,,,Forest,,,,Fields,24,254,186,Ocean,,,,Swamp,18,130,100,Mines,20,67,36,,,,,Table,,,,,,,,
Medows,,,,Forest,,,,Fields,24,249,195,Ocean,,,,Swamp,20,112,122,Mines,,,,,,,,Table,,,,,,,,
Medows,,,,Forest,,,,Fields,,,,Ocean,,,,Swamp,18,155,111,Mines,,,,,,,,Table,,,,,,,,
Medows,,,,Forest,,,,Fields,,,,Ocean,,,,Swamp,18,143,103,Mines,,,,,,,,Table,,,,,,,,
Medows,,,,Forest,,,,Fields,,,,Ocean,,,,Swamp,,,,Mines,,,,,,,,Table,,,,,,,,
Medows,,,,Forest,,,,Fields,,,,Ocean,,,,Swamp,,,,Mines,,,,,,,,Table,,,,,,,,
Medows,,,,Forest,,,,Fields,,,,Ocean,,,,Swamp,,,,Mines,,,,,,,,Table,,,,,,,,
Medows,,,,Forest,,,,Fields,,,,Ocean,,,,Swamp,,,,Mines,,,,,,,,Table,,,,,,,,
Medows,,,,Forest,,,,Fields,,,,Ocean,,,,Swamp,,,,Mines,,,,,,,,Table,,,,,,,,
Medows,,,,Forest,,,,Fields,,,,Ocean,,,,Swamp,,,,Mines,,,,,,,,Table,,,,,,,,
Medows,,,,Forest,36,193,52,Fields,23,243,196,Ocean,106,253,163,Swamp,,,,Mines,,,,,,,,Table,,,,,,,,
Medows,,,,Forest,39,169,51,Fields,23,247,198,Ocean,106,253,167,Swamp,,,,Mines,,,,,,,,Table,,,,,,,,
Medows,,,,Forest,35,185,49,Fields,23,248,193,Ocean,106,254,169,Swamp,,,,Mines,,,,,,,,Table,,,,,,,,
Medows,,,,Forest,32,188,59,Fields,,,,Ocean,106,254,170,Swamp,,,,Mines,,,,,,,,Table,,,,,,,,
Medows,,,,Forest,35,183,50,Fields,,,,Ocean,106,242,132,Swamp,,,,Mines,,,,,,,,Table,,,,,,,,
Medows,,,,Forest,38,115,52,Fields,,,,Ocean,106,249,149,Swamp,,,,Mines,,,,,,,,Table,,,,,,,,
Medows,,,,Forest,,,,Fields,,,,Ocean,106,246,138,Swamp,,,,Mines,,,,,,,,Table,,,,,,,,
Medows,,,,Forest,,,,Fields,,,,Ocean,106,254,172,Swamp,,,,Mines,,,,,,,,Table,,,,,,,,
Medows,,,,Forest,,,,Fields,,,,Ocean,106,241,131,Swamp,,,,Mines,,,,,,,,Table,,,,,,,,
Medows,,,,Forest,,,,Fields,,,,Ocean,106,250,157,Swamp,,,,Mines,,,,,,,,Table,,,,,,,,
Medows,,,,Forest,,,,Fields,,,,Ocean,106,250,164,Swamp,,,,Mines,,,,,,,,Table,,,,,,,,
Medows,,,,Forest,,,,Fields,,,,Ocean,106,248,159,Swamp,,,,Mines,,,,,,,,Table,,,,,,,,
Medows,,,,Forest,,,,Fields,,,,Ocean,106,252,168,Swamp,,,,Mines,,,,,,,,Table,,,,,,,,
Medows,,,,Forest,,,,Fields,,,,Ocean,105,248,159,Swamp,,,,Mines,,,,,,,,Table,,,,,,,,
Medows,,,,Forest,,,,Fields,,,,Ocean,106,236,142,Swamp,,,,Mines,,,,,,,,Table,,,,,,,,
Medows,,,,Forest,,,,Fields,,,,Ocean,,,,Swamp,,,,Mines,,,,,,,,Table,,,,,,,,
Medows,,,,Forest,,,,Fields,,,,Ocean,,,,Swamp,,,,Mines,,,,,,,,Table,,,,,,,,
Medows,,,,Forest,,,,Fields,,,,Ocean,,,,Swamp,,,,Mines,,,,,,,,Table,,,,,,,,
Medows,,,,Forest,,,,Fields,,,,Ocean,,,,Swamp,,,,Mines,,,,,,,,Table,,,,,,,,
Medows,,,,Forest,,,,Fields,,,,Ocean,,,,Swamp,,,,Mines,,,,,,,,Table,,,,,,,,
Medows,,,,Forest,,,,Fields,,,,Ocean,,,,Swamp,,,,Mines,,,,,,,,Table,,,,,,,,
Medows,,,,Forest,,,,Fields,,,,Ocean,,,,Swamp,,,,Mines,,,,,,,,Table,,,,,,,,
Medows,,,,Forest,,,,Fields,,,,Ocean,,,,Swamp,,,,Mines,,,,,,,,Table,,,,,,,,
Medows,,,,Forest,,,,Fields,,,,Ocean,,,,Swamp,,,,Mines,,,,,,,,Table,,,,,,,,
Medows,,,,Forest,,,,Fields,,,,Ocean,,,,Swamp,,,,Mines,,,,,,,,Table,,,,,,,,
Medows,,,,Forest,,,,Fields,,,,Ocean,,,,Swamp,,,,Mines,,,,,,,,Table,,,,,,,,
Medows,,,,Forest,,,,Fields,,,,Ocean,,,,Swamp,,,,Mines,,,,,,,,Table,,,,,,,,
Medows,,,,Forest,,,,Fields,,,,Ocean,,,,Swamp,,,,Mines,,,,,,,,Table,,,,,,,,
Medows,,,,Forest,,,,Fields,,,,Ocean,,,,Swamp,,,,Mines,,,,,,,,Table,,,,,,,,
Medows,,,,Forest,,,,Fields,,,,Ocean,,,,Swamp,,,,Mines,,,,,,,,Table,,,,,,,,
Medows,,,,Forest,,,,Fields,,,,Ocean,,,,Swamp,,,,Mines,,,,,,,,Table,,,,,,,,
Medows,,,,Forest,,,,Fields,,,,Ocean,,,,Swamp,,,,Mines,,,,,,,,Table,,,,,,,,
Medows,,,,Forest,,,,Fields,,,,Ocean,,,,Swamp,,,,Mines,,,,,,,,Table,,,,,,,,
Medows,,,,Forest,,,,Fields,,,,Ocean,,,,Swamp,,,,Mines,,,,,,,,Table,,,,,,,,
Medows,,,,Forest,,,,Fields,,,,Ocean,,,,Swamp,,,,Mines,,,,,,,,Table,,,,,,,,
Medows,,,,Forest,,,,Fields,,,,Ocean,,,,Swamp,,,,Mines,,,,,,,,Table,,,,,,,,
Medows,,,,Forest,,,,Fields,,,,Ocean,,,,Swamp,,,,Mines,,,,,,,,Table,,,,,,,,
Medows,,,,Forest,,,,Fields,,,,Ocean,,,,Swamp,,,,Mines,,,,,,,,Table,,,,,,,,
Medows,,,,Forest,,,,Fields,,,,Ocean,,,,Swamp,,,,Mines,,,,,,,,Table,,,,,,,,
Medows,,,,Forest,,,,Fields,,,,Ocean,,,,Swamp,,,,Mines,,,,,,,,Table,,,,,,,,
Medows,,,,Forest,,,,Fields,,,,Ocean,,,,Swamp,,,,Mines,,,,,,,,Table,,,,,,,,
Medows,,,,Forest,,,,Fields,,,,Ocean,,,,Swamp,,,,Mines,,,,,,,,Table,,,,,,,,
Medows,,,,Forest,,,,Fields,,,,Ocean,,,,Swamp,,,,Mines,,,,,,,,Table,,,,,,,,
Medows,,,,Forest,,,,Fields,,,,Ocean,,,,Swamp,,,,Mines,,,,,,,,Table,,,,,,,,
Medows,,,,Forest,,,,Fields,,,,Ocean,,,,Swamp,,,,Mines,,,,,,,,Table,,,,,,,,
Medows,,,,Forest,,,,Fields,,,,Ocean,,,,Swamp,,,,Mines,,,,,,,,Table,,,,,,,,
Medows,,,,Forest,,,,Fields,,,,Ocean,,,,Swamp,,,,Mines,,,,,,,,Table,,,,,,,,
Medows,,,,Forest,,,,Fields,,,,Ocean,,,,Swamp,,,,Mines,,,,,,,,Table,,,,,,,,
Medows,,,,Forest,,,,Fields,,,,Ocean,,,,Swamp,,,,Mines,,,,,,,,Table,,,,,,,,
Medows,,,,Forest,,,,Fields,,,,Ocean,,,,Swamp,,,,Mines,,,,,,,,Table,,,,,,,,
Medows,,,,Forest,,,,Fields,,,,Ocean,,,,Swamp,,,,Mines,,,,,,,,Table,,,,,,,,
Medows,,,,Forest,,,,Fields,,,,Ocean,,,,Swamp,,,,Mines,,,,,,,,Table,,,,,,,,
Medows,,,,Forest,,,,Fields,,,,Ocean,,,,Swamp,,,,Mines,,,,,,,,Table,,,,,,,,
Medows,,,,Forest,,,,Fields,,,,Ocean,,,,Swamp,,,,Mines,,,,,,,,Table,,,,,,,,
Medows,,,,Forest,,,,Fields,,,,Ocean,,,,Swamp,,,,Mines,,,,,,,,Table,,,,,,,,
Medows,,,,Forest,,,,Fields,,,,Ocean,,,,Swamp,,,,Mines,,,,,,,,Table,,,,,,,,
Medows,,,,Forest,,,,Fields,,,,Ocean,,,,Swamp,,,,Mines,,,,,,,,Table,,,,,,,,
Medows,,,,Forest,,,,Fields,,,,Ocean,,,,Swamp,,,,Mines,,,,,,,,Table,,,,,,,,
Medows,,,,Forest,,,,Fields,,,,Ocean,,,,Swamp,,,,Mines,,,,,,,,Table,,,,,,,,
Medows,,,,Forest,,,,Fields,,,,Ocean,,,,Swamp,,,,Mines,,,,,,,,Table,,,,,,,,
Medows,,,,Forest,,,,Fields,,,,Ocean,,,,Swamp,,,,Mines,,,,,,,,Table,,,,,,,,
Medows,,,,Forest,,,,Fields,,,,Ocean,,,,Swamp,,,,Mines,,,,,,,,Table,,,,,,,,
Medows,,,,Forest,,,,Fields,,,,Ocean,,,,Swamp,,,,Mines,,,,,,,,Table,,,,,,,,
Medows,,,,Forest,,,,Fields,,,,Ocean,,,,Swamp,,,,Mines,,,,,,,,Table,,,,,,,,
Medows,,,,Forest,,,,Fields,,,,Ocean,,,,Swamp,,,,Mines,,,,,,,,Table,,,,,,,,
Medows,,,,Forest,,,,Fields,,,,Ocean,,,,Swamp,,,,Mines,,,,,,,,Table,,,,,,,,
Medows,,,,Forest,,,,Fields,,,,Ocean,,,,Swamp,,,,Mines,,,,,,,,Table,,,,,,,,
Medows,,,,Forest,,,,Fields,,,,Ocean,,,,Swamp,,,,Mines,,,,,,,,Table,,,,,,,,
Medows,,,,Forest,,,,Fields,,,,Ocean,,,,Swamp,,,,Mines,,,,,,,,Table,,,,,,,,
Medows,,,,Forest,,,,Fields,,,,Ocean,,,,Swamp,,,,Mines,,,,,,,,Table,,,,,,,,
Medows,,,,Forest,,,,Fields,,,,Ocean,,,,Swamp,,,,Mines,,,,,,,,Table,,,,,,,,
Medows,,,,Forest,,,,Fields,,,,Ocean,,,,Swamp,,,,Mines,,,,,,,,Table,,,,,,,,
Medows,,,,Forest,,,,Fields,,,,Ocean,,,,Swamp,,,,Mines,,,,,,,,Table,,,,,,,,
Medows,,,,Forest,,,,Fields,,,,Ocean,,,,Swamp,,,,Mines,,,,,,,,Table,,,,,,,,
Medows,,,,Forest,,,,Fields,,,,Ocean,,,,Swamp,,,,Mines,,,,,,,,Table,,,,,,,,
Medows,,,,Forest,,,,Fields,,,,Ocean,,,,Swamp,,,,Mines,,,,,,,,Table,,,,,,,,
Medows,,,,Forest,,,,Fields,,,,Ocean,,,,Swamp,,,,Mines,,,,,,,,Table,,,,,,,,
Medows,,,,Forest,,,,Fields,,,,Ocean,,,,Swamp,,,,Mines,,,,,,,,Table,,,,,,,,
Medows,,,,Forest,,,,Fields,,,,Ocean,,,,Swamp,,,,Mines,,,,,,,,Table,,,,,,,,
Medows,,,,Forest,,,,Fields,,,,Ocean,,,,Swamp,,,,Mines,,,,,,,,Table,,,,,,,,
Medows,,,,Forest,,,,Fields,,,,Ocean,,,,Swamp,,,,Mines,,,,,,,,Table,,,,,,,,
Medows,,,,Forest,,,,Fields,,,,Ocean,,,,Swamp,,,,Mines,,,,,,,,Table,,,,,,,,
Medows,,,,Forest,,,,Fields,,,,Ocean,,,,Swamp,,,,Mines,,,,,,,,Table,,,,,,,,
Medows,,,,Forest,,,,Fields,,,,Ocean,,,,Swamp,,,,Mines,,,,,,,,Table,,,,,,,,
Medows,,,,Forest,,,,Fields,,,,Ocean,,,,Swamp,,,,Mines,,,,,,,,Table,,,,,,,,
Medows,,,,Forest,,,,Fields,,,,Ocean,,,,Swamp,,,,Mines,,,,,,,,Table,,,,,,,,
Medows,,,,Forest,,,,Fields,,,,Ocean,,,,Swamp,,,,Mines,,,,,,,,Table,,,,,,,,
Medows,,,,Forest,,,,Fields,,,,Ocean,,,,Swamp,,,,Mines,,,,,,,,Table,,,,,,,,
Medows,,,,Forest,,,,Fields,,,,Ocean,,,,Swamp,,,,Mines,,,,,,,,Table,,,,,,,,
Medows,,,,Forest,,,,Fields,,,,Ocean,,,,Swamp,,,,Mines,,,,,,,,Table,,,,,,,,
Medows,,,,Forest,,,,Fields,,,,Ocean,,,,Swamp,,,,Mines,,,,,,,,Table,,,,,,,,
Medows,,,,Forest,,,,Fields,,,,Ocean,,,,Swamp,,,,Mines,,,,,,,,Table,,,,,,,,
Medows,,,,Forest,,,,Fields,,,,Ocean,,,,Swamp,,,,Mines,,,,,,,,Table,,,,,,,,
Medows,,,,Forest,,,,Fields,,,,Ocean,,,,Swamp,,,,Mines,,,,,,,,Table,,,,,,,,
Medows,,,,Forest,,,,Fields,,,,Ocean,,,,Swamp,,,,Mines,,,,,,,,Table,,,,,,,,
Medows,,,,Forest,,,,Fields,,,,Ocean,,,,Swamp,,,,Mines,,,,,,,,Table,,,,,,,,
Medows,,,,Forest,,,,Fields,,,,Ocean,,,,Swamp,,,,Mines,,,,,,,,Table,,,,,,,,
Medows,,,,Forest,,,,Fields,,,,Ocean,,,,Swamp,,,,Mines,,,,,,,,Table,,,,,,,,
Medows,,,,Forest,,,,Fields,,,,Ocean,,,,Swamp,,,,Mines,,,,,,,,Table,,,,,,,,
Medows,,,,Forest,,,,Fields,,,,Ocean,,,,Swamp,,,,Mines,,,,,,,,Table,,,,,,,,
Medows,,,,Forest,,,,Fields,,,,Ocean,,,,Swamp,,,,Mines,,,,,,,,Table,,,,,,,,
Medows,,,,Forest,,,,Fields,,,,Ocean,,,,Swamp,,,,Mines,,,,,,,,Table,,,,,,,,
Medows,,,,Forest,,,,Fields,,,,Ocean,,,,Swamp,,,,Mines,,,,,,,,Table,,,,,,,,
Medows,,,,Forest,,,,Fields,,,,Ocean,,,,Swamp,,,,Mines,,,,,,,,Table,,,,,,,,
Medows,,,,Forest,,,,Fields,,,,Ocean,,,,Swamp,,,,Mines,,,,,,,,Table,,,,,,,,
Medows,,,,Forest,,,,Fields,,,,Ocean,,,,Swamp,,,,Mines,,,,,,,,Table,,,,,,,,
Medows,,,,Forest,,,,Fields,,,,Ocean,,,,Swamp,,,,Mines,,,,,,,,Table,,,,,,,,
Medows,,,,Forest,,,,Fields,,,,Ocean,,,,Swamp,,,,Mines,,,,,,,,Table,,,,,,,,
Medows,,,,Forest,,,,Fields,,,,Ocean,,,,Swamp,,,,Mines,,,,,,,,Table,,,,,,,,
Medows,,,,Forest,,,,Fields,,,,Ocean,,,,Swamp,,,,Mines,,,,,,,,Table,,,,,,,,
Medows,,,,Forest,,,,Fields,,,,Ocean,,,,Swamp,,,,Mines,,,,,,,,Table,,,,,,,,
Medows,,,,Forest,,,,Fields,,,,Ocean,,,,Swamp,,,,Mines,,,,,,,,Table,,,,,,,,
Medows,,,,Forest,,,,Fields,,,,Ocean,,,,Swamp,,,,Mines,,,,,,,,Table,,,,,,,,
Medows,,,,Forest,,,,Fields,,,,Ocean,,,,Swamp,,,,Mines,,,,,,,,Table,,,,,,,,
Medows,,,,Forest,,,,Fields,,,,Ocean,,,,Swamp,,,,Mines,,,,,,,,Table,,,,,,,,
Medows,,,,Forest,,,,Fields,,,,Ocean,,,,Swamp,,,,Mines,,,,,,,,Table,,,,,,,,
Medows,,,,Forest,,,,Fields,,,,Ocean,,,,Swamp,,,,Mines,,,,,,,,Table,,,,,,,,
Medows,,,,Forest,,,,Fields,,,,Ocean,,,,Swamp,,,,Mines,,,,,,,,Table,,,,,,,,
Medows,,,,Forest,,,,Fields,,,,Ocean,,,,Swamp,,,,Mines,,,,,,,,Table,,,,,,,,
Medows,,,,Forest,,,,Fields,,,,Ocean,,,,Swamp,,,,Mines,,,,,,,,Table,,,,,,,,
